,review,point,date,ingre,token_review
0,근데 밑에 박스에 적힌 날짜가 제조일인지 유통기한잌지 모르겟네요 2019년이라고 적혀잇던데...,4,2020-01-29,나이아신아마이드,"['근데', '밑', '에', '박스', '에', '적힌', '날짜', '가제', '조일', '인지', '유통', '기한', '잌', '지', '모르겟네요', '년', '이라고', '적혀', '잇던데']"
1,굿,3,2020-02-07,나이아신아마이드,['굿']
2,좋아요~~~~~~~~~~~~,5,2020-02-12,나이아신아마이드,['좋아요']
3,미백에좋다네요잡티개선에도효과있음좋겠어요,5,2020-02-22,나이아신아마이드,"['미백', '에', '좋다네요', '잡티', '개선', '에도', '효과', '있음', '좋겠어요']"
4,하루 바르고 잤는데 확실히 여드름에 효과가 있네요.,5,2020-02-22,나이아신아마이드,"['하루', '바르고', '잤는데', '확실히', '여드름', '에', '효과', '가', '있네요']"
5,저렴하게 구입,4,2020-03-03,나이아신아마이드,"['저렴하게', '구입']"
6,저렴하게 구입,5,2020-03-03,나이아신아마이드,"['저렴하게', '구입']"
7,저렴하게 구입,4,2020-03-03,나이아신아마이드,"['저렴하게', '구입']"
8,저렴하게 구입 ^^,4,2020-03-03,나이아신아마이드,"['저렴하게', '구입']"
9,너무좋아요ㅡ트러블도안생기고,5,2020-03-03,나이아신아마이드,"['너무', '좋아요', '트러블', '도안', '생기', '고']"
10,저렴하게구매했어요,5,2020-03-04,나이아신아마이드,"['저렴하게', '구매', '했어요']"
11,일주일되가는데 안색이 밝아졌어요 칙칙한 낯빛에 서광이..,4,2020-03-11,나이아신아마이드,"['일주일', '되가는데', '안색', '이', '밝아졌어요', '칙칙한', '낯빛', '에서', '광', '이']"
12,디렉터파이 추천으로 구매하게됨. 미백효과가 뛰어나다해서 구입하게됨. 성분/용량/가성비 좋네요. 사용시 꾹꾹 눌러주어야 밀림현상없음. 저녁때 사용추천. 전체적으로 괜찮음 .추천함.,4,2020-03-13,나이아신아마이드,"['디렉터', '파이', '추천', '으로', '구매', '하', '게', '됨', '미백', '효과', '가', '뛰어나다', '해서', '구입', '하', '게', '됨', '성분', '용량', '가', '성비', '좋네요', '사용', '시', '꾹꾹', '눌러주어야', '밀림', '현상', '없음', '저녁때', '사용', '추천', '전체', '적', '으로', '괜찮음', '추천', '함']"
13,좋아요,5,2020-03-22,나이아신아마이드,['좋아요']
14,너무 좋아요~ 감사해요~^^너무 좋아요~ 감사해요~^^너무 좋아요~ 감사해요~^^,5,2020-03-25,나이아신아마이드,"['너무', '좋아요', '감사해요', '너무', '좋아요', '감사해요', '너무', '좋아요', '감사해요']"
15,thank you for the fast shipping and good product,5,2020-04-03,나이아신아마이드,[]
16,thank you for the fast shipping and good product,5,2020-04-03,나이아신아마이드,[]
17,thank you for the fast shipping and good product,5,2020-04-03,나이아신아마이드,[]
18,thank you for the fast shipping and good product,5,2020-04-03,나이아신아마이드,[]
19,좋아요!!!,4,2020-04-06,나이아신아마이드,['좋아요']
20,좋아요!!!,4,2020-04-06,나이아신아마이드,['좋아요']
21,좋아요!!!,4,2020-04-06,나이아신아마이드,['좋아요']
22,ㅡㄱㅅㄷㅅㄱㄷㅅ그슥슧ㄷㅅㄱㄷㅅㄱㄷㅅㄱㄷㅅ디ㅡㄱ,4,2020-04-12,나이아신아마이드,"['그', '슥', '슧디']"
23,ㄱ슷긋ㄷㄱ슥슷극ㄱㄷㅅㄷㅅ그시ㅡ싀스싣싣싣ㅅ딩딧ㄷ싣싣ㅅ딧ㄷ싣ㅅㄱㄷㅇㄱㄷㅇ딩ㅅㄱㄷㅇㄱㄷ읻ㅇㄱ,4,2020-04-12,나이아신아마이드,"['슷긋슥슷', '극', '그', '시', '싀스', '싣', '싣', '싣', '딩딧싣싣딧싣딩읻']"
24,yeuebeheuehnehehehe,4,2020-04-13,나이아신아마이드,[]
25,gugugubwbubue6wyuw,4,2020-04-13,나이아신아마이드,[]
26,heueheheuehehehejeje,4,2020-04-13,나이아신아마이드,[]
27,모공 타이트해진다고 해서 샀는데 한달 써 본 결과 그런 일은 일어나지 않는군요 ㅎㅎㅎ,3,2020-04-22,나이아신아마이드,"['모', '공', '타', '이', '트', '해진다고', '해서', '샀는데', '한', '달', '써', '본', '결과', '그런', '일', '은', '일어나지', '않는군요']"
28,"좋은 제품, 정말 저렴한 가격. 매우 빠른 배송. 나는 그것을 매우 좋아한다",5,2020-04-22,나이아신아마이드,"['좋은', '제품', '정말', '저렴한', '가격', '매우', '빠른', '배송', '나', '는', '그것', '을', '매우', '좋아한다']"
29,"좋은 제품, 정말 저렴한. 매우 빠른. 그것을 매우 좋아",5,2020-04-22,나이아신아마이드,"['좋은', '제품', '정말', '저렴한', '매우', '빠른', '그것', '을', '매우', '좋아']"
30,"좋은 제품, 정말 저렴한 가격. 매우 빠른 배송. 나는 그것을 매우 좋아한다",5,2020-04-22,나이아신아마이드,"['좋은', '제품', '정말', '저렴한', '가격', '매우', '빠른', '배송', '나', '는', '그것', '을', '매우', '좋아한다']"
31,바르고 나면 건조해요. 그 위에 선크림 바르면 지우개 가루마냥 가루가 날려서 보습을 엄청 해야해요.,3,2020-04-23,나이아신아마이드,"['바르고나면', '건조해요', '그', '위', '에선', '크림', '바르면', '지우개', '가', '루마', '냥', '가루', '가', '날려서', '보습', '을', '엄청', '해야해', '요']"
32,배송 빨라요,4,2020-04-28,나이아신아마이드,"['배송', '빨라요']"
33,20대 / 민감성 피부처음에 모르고 얼굴 전체에 발랐을 때는 얼굴 피부가 뒤집어졌습니다 ㅠㅠ. 그런데 굉장히 순한 크림에 한 방울씩만 떨어뜨려 쓰니까 효과가 정말 좋았어요. 확실히 지금은 빨갛던 여드름 자국과 홍조가 거짓말처럼 사라졌습니다. 아침에는 바르면 화장이 밀린다는 이야기가 있어 아침에는 바르지 않고 저녁에만 한 방울씩만 사용하고 있습니다. 저에게는 확실히 피부톤 보정과 홍조 완화 등의 효과가 있어서 재구매할 것 같아요.,5,2020-04-28,나이아신아마이드,"['대', '민감', '성', '피부', '처음', '에', '모르고', '얼굴', '전체', '에', '발랐을', '때', '는', '얼굴', '피부', '가', '뒤집어졌습니다', '그런데', '굉장히', '순한', '크림', '에', '한', '방울', '씩', '만', '떨어뜨려', '쓰니까', '효과', '가', '정말', '좋았어요', '확실히지', '금은', '빨갛던', '여드름', '자국', '과', '홍조', '가', '거짓말', '처럼', '사라졌습니다', '아침', '에는', '바르', '면화', '장이', '밀린다는', '이야기', '가', '있어', '아침', '에는', '바르지', '않고', '저녁', '에만', '한', '방울', '씩', '만', '사용', '하고', '있습니다', '저', '에', '게', '는', '확실히', '피부', '톤', '보정', '과', '홍조', '완화', '등', '의', '효과', '가', '있어서', '재구매', '할것', '같아요']"
34,자연의 아름다운 꽃처럼 꽃향 가득한 예쁜 피부결을 만들기 위해 보습 가득한 촉촉함을 가득 채워줄 사랑스럽게 빛나는 광채나는 아름다운 피부결을 만들수 있을것 같아요♡,5,2020-04-29,나이아신아마이드,"['자연', '의', '아름다운', '꽃처럼', '꽃향', '가득한', '예쁜', '피부', '결', '을', '만들기', '위해', '보습', '가득한', '촉촉함을', '가득', '채워줄', '사랑', '스럽게', '빛나는', '광채', '나', '는', '아름다운', '피부', '결', '을', '만들수있을것', '같아요']"
35,"좋은 제품, 정말 저렴한 가격. 매우 빠른 배송. 나는 그것을 매우 좋아한다",5,2020-04-29,나이아신아마이드,"['좋은', '제품', '정말', '저렴한', '가격', '매우', '빠른', '배송', '나', '는', '그것', '을', '매우', '좋아한다']"
36,"좋은 제품, 정말 저렴한 가격. 매우 빠른 배송. 나는 그것을 매우 좋아한다",5,2020-04-29,나이아신아마이드,"['좋은', '제품', '정말', '저렴한', '가격', '매우', '빠른', '배송', '나', '는', '그것', '을', '매우', '좋아한다']"
37,"디오디너리 나이아신아마이드 10% + 징크 1% 30ml 정품을 체험단을 통해서 경험하게 되었습니다. 30ml 정품의 가격이 5900원입니다. 요즘 마스크를 매일 쓰고 다니다보니, 피부가 더 예민해지고 트러블이 많아지기도 해서 고민이었는데요, 피지를 조절하고 트러블케어에도 효과적인 제품이라고 해서 제품을 받은 후 바로 사용해 보았습니다. 나이아신아마이드 성분은 피부잡티와 트러블 감소에 효과적이고,비타민 C관련 스킨케어와 함께 사용하면 안된다고 합니다. 나이아신아마이드는 피부잡티를 감소시키고, 피지활동의 균형을 돕지만 여드름 치료제는 아니라고 해요. 이 제품은 여드름용 제품과 함께 사용해도 좋다고 합니다. 이 제품은 알콜프리, 오일프리, 실리콘프리, 글루텐프리 제품입니다. 제품의 성분과 특징에 대해서 충분히 숙지한 후에 사용해 보았습니다. 스포이드 형태라서 양조절이 쉽고 더욱 위생적으로 사용하기 좋더군요. 하루에 2번, 무거운 크림을 사용하기 전 단계에 사용해 보았습니다. 약간 점도가 있는 제형이라서 메이크업을 하기 전에 바르기 보다는 저녁에 잠들기 전에 바르는 것이 더욱 좋더군요. 제 피부에는 잘 맞았고 따갑거나 자극이 없었습니다. 피지조절이 필요한 부분과 잡티가 있는 부분에 중점적으로 바르고 있습니다. 고강도 비타민 포뮬라는 처음 사용해 보았는데, 자극없이 피부에 잘 맞았고,기존에 사용하던 여드름용 더마화장품과 병행해서 사용하고 있습니다. 트러블 피부에 잘 맞는 제품이라고 생각됩니다.",5,2020-04-30,나이아신아마이드,"['디', '오디너리', '나이아신', '아마이드', '징', '크', '정품', '을', '체험', '단', '을', '통해', '서경', '험하게', '되었습니다', '정품', '의', '가격', '이원', '입니다', '요즘', '마스크', '를', '매일', '쓰고다니다', '보니', '피부', '가더', '예민해지고', '트러블', '이', '많아지기', '도해', '서', '고민', '이었는데요', '피지', '를', '조절', '하고', '트러블', '케어', '에도', '효과', '적', '인', '제품', '이라고', '해서', '제품', '을', '받은', '후', '바로', '사용', '해보았습니다', '나이아신', '아마이드', '성분', '은피', '부잡', '티', '와', '트러블', '감소', '에', '효과', '적', '이고', '비타민', '관련', '스킨', '케어', '와', '함께', '사용', '하', '면', '안된다고', '합니다', '나이아신', '아마이드', '는', '피부', '잡티', '를', '감소', '시키고', '피지', '활동', '의', '균형', '을', '돕지만', '여드름', '치료', '제', '는', '아니라', '고해', '요', '이', '제품', '은', '여드름', '용', '제품', '과', '함께', '사용', '해도', '좋다고', '합니다', '이', '제품', '은', '알콜', '프리', '오', '일', '프리', '실리콘', '프리', '글루텐', '프리', '제품', '입니다', '제품', '의', '성분', '과', '특징', '에', '대해', '서', '충분히', '숙지', '한', '후', '에', '사용', '해보았습니다', '스포이드', '형태', '라', '서양', '조절', '이', '쉽고', '더욱', '위생', '적', '으로', '사용', '하기', '좋더군요', '하루', '에', '번', '무거운', '크림', '을사', '용하기전', '단계', '에', '사용', '해보았습니다', '약간', '점도', '가', '있는', '제', '형', '이라서', '메이크업', '을', '하기전에', '바르기', '보다는', '저녁', '에', '잠들', '기전', '에', '바르는것이', '더욱', '좋더군요', '제', '피부', '에는', '잘맞았고', '따갑거나', '자극', '이', '없었습니다', '피지', '조절', '이', '필요한', '부분', '과', '잡티', '가', '있는', '부분', '에', '중점', '적', '으로', '바르고있습니다', '고', '강도', '비타민', '포뮬', '라는', '처음', '사용', '해보았는데', '자극', '없이', '피부', '에', '잘맞았고', '기존', '에', '사용', '하던', '여드름', '용더마', '화장품', '과', '병행', '해서', '사용', '하고', '있습니다', '트러블', '피부', '에', '잘맞는', '제품', '이라고', '생각', '됩니다']"
38,"좋은 제품, 정말 저렴한 가격. 매우 빠른 배송. 나는 그것을 매우 좋아한다",5,2020-04-30,나이아신아마이드,"['좋은', '제품', '정말', '저렴한', '가격', '매우', '빠른', '배송', '나', '는', '그것', '을', '매우', '좋아한다']"
39,"좋은 제품, 정말 저렴한 가격. 매우 빠른 배송. 나는 그것을 매우 좋아한다",5,2020-04-30,나이아신아마이드,"['좋은', '제품', '정말', '저렴한', '가격', '매우', '빠른', '배송', '나', '는', '그것', '을', '매우', '좋아한다']"
40,"요즘 건조한 날씨에 바쁘다보니 피부가 유난히도 칙칙하고 붉은기가 많더라구요ㅠ 디오디너리 세럼은 비타민과 미네랄을 고농축한 세럼입니다. 일주일간 자기전에 꾸준히 발라보니, 피지조절이 잘되고, 피부가 맑아지고 정리되는 느낌이였습니다 항상 트러블로 인해 피부가 울긋불긋 했는데요 세럼을 바른 후 많이 개선된게 느껴집니다 가격이 너무나도 저렴한데, 효과가 일주일만 써봐도 느낄정도라 저는 꾸준히 써볼예정이예요 한달 뒤 제 피부가 기대됩니다♡",5,2020-04-30,나이아신아마이드,"['요즘', '건조한', '날씨', '에', '바쁘다', '보니', '피부', '가', '유난히', '도', '칙칙하고', '붉은기', '가', '많더라구요', '디', '오디너리', '세럼', '은', '비타민', '과', '미네랄', '을', '고', '농축', '한', '세럼', '입니다', '일주일', '간자', '기전', '에', '꾸준히', '발라', '보니', '피지', '조절', '이', '잘되', '고', '피부', '가', '맑아지고', '정리', '되는', '느낌', '이', '였습니다', '항상', '트러블', '로', '인해', '피부', '가', '울긋불긋했는데요', '세럼', '을', '바른', '후', '많이', '개선', '된게', '느껴집니다', '가격', '이', '너무나도', '저렴한데', '효과', '가', '일주일', '만', '써', '봐도', '느낄', '정도', '라', '저', '는', '꾸준히', '써', '볼', '예정', '이예', '요한', '달뒤', '제피', '부가', '기대', '됩니다']"
41,하핫 처음에는 이게 정확히 뭔가 했어요 세럼 겸 토너 에센스 같은 느낌! 세안 후에 이 제품부터 찹찹 발라주면 시원하면서 산뜻하고 깔끔한 느낌! 피부에 1차적으로 필요한 영양과 수분을 주는 느낌이라 좋습니다. 한달이상 꾸준히 써보면 좋을 것 같아요~ 자극없고 순해서 추천합니다^^,5,2020-04-30,나이아신아마이드,"['하', '핫', '처음', '에는', '이', '게', '정확히', '뭔가', '했어요', '세럼겸', '토너', '에센스', '같은', '느낌', '세안', '후', '에이', '제품', '부터', '찹', '찹', '발라주면', '시원하면서', '산뜻하고', '깔끔한', '느낌', '피부', '에', '차', '적', '으로', '필요한', '영양', '과', '수분', '을', '주는', '느낌', '이라', '좋습니다', '한', '달이', '상', '꾸준히', '써', '보면', '좋을것', '같아요', '자극', '없고', '순해서', '추천', '합니다']"
42,"미백에 좋다는 이 앰플 얼굴에 여드름 흔적,잡티가 제법 많아서 고민이 많았는데요.. 징크성분으로 여드름에도 효과를 많이 봐서 이 앰플도 무척 기대했는데 개인적으로 아침저녁으로 다 쓰는 것보다는 저녁에 세안후 피부결 정돈시키는 용으로 딱 좋은 것 같아요^^ 기름기를 좀 잡아주는 것도 있고. 한통은 다 써봐야 효능을 좀 더 확실히 파악할 수 있을듯! 가격대비 성분이 제법 훌륭합니다.",5,2020-04-30,나이아신아마이드,"['미백', '에', '좋다는', '이', '앰', '플', '얼굴', '에', '여드름', '흔적', '잡티', '가', '제법', '많아서', '고민', '이', '많았는데요', '징', '크', '성분', '으로', '여드름', '에도', '효과', '를', '많이', '봐서', '이', '앰', '플', '도', '무척', '기대했는데', '개인', '적', '으로', '아침', '저녁', '으로', '다', '쓰는것보다는', '저녁', '에', '세안', '후', '피부', '결정', '돈', '시키는', '용으로', '딱좋은', '것', '같아요', '기름기', '를', '좀', '잡아주는', '것', '도', '있고한', '통', '은', '다', '써', '봐야', '효능', '을', '좀더', '확실히', '파악', '할수있을', '듯', '가격', '대비', '성분', '이', '제법', '훌륭합니다']"
43,낼 모레면 50세인데 아직까지 생기는 여드름 때문에 유투버를 찾아 보던 중 이 제품을 알게 되서 바로 주문 했어요 형제들 중에 제가 젤 잘 씻는데 저만 피부에 문제가 많네요워낙 초 민감성이라 잘못 발랐다가 더 나빠질까봐 일단 목에 발라 봤더니 괜찮아서 어제부터 바르기 시작했구요 건조해져서 화장이 다 밀린다는 얘기가 많아 연휴기간 화장 안할 때 열심히 발라서 피부에 적응 시켜 보려구요 사용한지 몇번 안됐지만 이거 바르고 수분크림을 덧발라 줘서인지 딱히 따갑다거나 하는 느낌은 없었구요 손바닥에 덜어서 눈가 제외한 부분에 발라주면 순식간에 흡수되요 미백이나 노화. 피부장벽이 주된 효능이지만 염증에도 좋아서 여드름 진정에도 좋다고 하니 꾸준히 발라보려구요 이것 때문인지 얼굴에서 광채가 나는 것 같기도 해요 일단 한병만 샀는데 가격도 부담 없으니 좋으면 엄마에게도 사드릴까봐요,4,2020-04-30,나이아신아마이드,"['낼', '모레', '면세', '인데', '아직', '까지', '생기는', '여드름', '때문', '에', '유투', '버', '를', '찾아보던', '중이', '제품', '을', '알', '게', '되서', '바로', '주문', '했어요', '형제', '들', '중', '에', '제', '가젤', '잘', '씻는데', '저만', '피부', '에', '문제', '가', '많네요', '워낙', '초', '민감', '성', '이라', '잘못', '발랐다가', '더', '나빠질까봐', '일단', '목', '에', '발라', '봤더니', '괜찮아서', '어제', '부터', '바르기', '시작', '했구요', '건조해져서', '화장', '이다', '밀린다는', '얘기', '가', '많아', '연휴', '기간', '화', '장안', '할', '때', '열심히', '발라', '서', '피부', '에', '적응', '시켜', '보려구요', '사용', '한지', '몇번', '안', '됐지만', '이', '거', '바르고', '수분크림', '을', '덧', '발라', '줘서', '인지', '딱히', '따갑다거나', '하는', '느낌', '은', '없었구요', '손바닥', '에', '덜어서', '눈가', '제외', '한', '부분', '에', '발라', '주면', '순식간', '에', '흡수', '되', '요미', '백', '이나', '노화', '피부', '장벽', '이', '주된', '효능', '이지만', '염증', '에도', '좋아서', '여드름', '진정', '에도', '좋다고', '하니', '꾸준히', '발라', '보려구요', '이', '것', '때문', '인지', '얼굴', '에서', '광채', '가나', '는', '것', '같기', '도해', '요', '일단', '한', '병', '만', '샀는데', '가격', '도', '부담', '없으니', '좋으면', '엄마', '에게', '도사', '드릴', '까', '봐요']"
44,자극적이지 않고 피부에 바로 흡수되어서 좋습니다 기미 잡티에 효과가 있는 성분들로 이루어져있는 제품이라 꾸준히 발라보고 재구매할 생각이에요 무엇보다도 가격이 너무 착하고 기미 잡티에 효과적인 성분으로만 이루어져 있는 제품이라 믿음도 가고 본질에 충실한 제품이라는 생각이 듭니다 배송 받았을때 박스 테이프나 화장품 용기 감싸는 충전재도 환경을 생각하는 재생용지라서 받고나서 기분이 정말 좋았습니다 좋은 제품 감사합니다,5,2020-05-01,나이아신아마이드,"['자극', '적', '이지', '않고', '피부', '에바', '로', '흡수', '되어서', '좋습니다', '기미', '잡티', '에', '효과', '가', '있는', '성분', '들', '로', '이루어져있는', '제품', '이라', '꾸준히', '발라', '보고', '재구매', '할', '생각', '이에요', '무엇', '보다도', '가격', '이', '너무', '착하고', '기미', '잡티', '에', '효과', '적', '인성', '분', '으로만', '이루어져있는', '제품', '이라', '믿음', '도', '가고', '본질', '에', '충실한', '제품', '이라는', '생각', '이듭', '니', '다', '배송', '받았을', '때', '박스', '테이프', '나', '화장품', '용기', '감싸는', '충전', '재도', '환경', '을', '생각', '하', '는', '재생', '용지', '라서', '받고나서', '기분', '이', '정말', '좋았습니다', '좋은', '제품', '감사합니다']"
45,빠른배송졸아요 백화점상품이라 최대2개씩만 구매되네요,5,2020-05-04,나이아신아마이드,"['빠른', '배송', '졸아요', '백화점', '상품', '이라', '최대', '개', '씩', '만', '구매', '되네요']"
46,워낙 리뷰가 많아 궁금했는데 드디어 사용해보네요^^ 피부자극이 있다는 얘기가 있어서 걱정 했는데 발랐을때 끈적이지 않고 흡수도 잘되서 꽤 만족합니다 특유의 화장품 냄새도 없어서 화장을 한다기 보다 치료한다는 느낌이 드네요 아직 일주일 밖에 안썼는데 모공케어랑 기름기 완화에 효과 있길 기대합니다,5,2020-05-04,나이아신아마이드,"['워낙', '리뷰', '가', '많아', '궁금했는데', '드디어', '사용', '해보네요', '피부', '자극', '이', '있다는', '얘기', '가', '있어서', '걱정', '했는데', '발랐을', '때끈', '적', '이지', '않고', '흡수', '도', '잘되', '서', '꽤', '만족합니다', '특', '유의', '화장품', '냄새', '도', '없어서', '화장', '을', '한', '다기', '보다', '치료', '한다는', '느낌', '이드', '네', '요', '아직', '일주일', '밖에', '안', '썼는데', '모공', '케어', '랑', '기름기', '완화', '에', '효과', '있길', '기대합니다']"
47,바르고 좀 있으니 살짝 따끔거림 있었으나 시간이 지날수록 괜찮네요. 색소침착이 옅어지는 효과는 사용시간이 좀 지나봐야 알겠지만 자극적이지 않고 발림성좋고 촉촉해서 좋습니다. 꾸준히 바르고 다시한번 리뷰 써볼께요.,5,2020-05-04,나이아신아마이드,"['바르고', '좀있으니', '살짝', '따끔', '거림', '있었으나', '시간', '이지', '날수', '록', '괜찮네요', '색소', '침착', '이', '옅어지는', '효과', '는', '사용', '시간', '이', '좀지나', '봐야', '알겠지만', '자극', '적', '이지', '않고', '발림', '성', '좋고', '촉촉해서', '좋습니다', '꾸준히', '바르고다시', '한번', '리뷰', '써', '볼께요']"
48,"20대 건성피부 , 기미잡티 O , 여드름X 평소에 피부는 건조한데 기미나 잡티는 많아서 항상 세럼종류를 달고사는 피부타입이에요. 체험에 운좋게 당첨되서 일주일간 꾸준히 써본 솔직한 후기 남깁니다. 일단 제형이 물같은 타입은 아니고 살짝 점성있는 제형이에요. 향은 거의 무향으로 봐도 될거 같고 예민하신분들은 아세톤? 같은 향이 느껴질수도 있겠네요. 얼굴에 발랐을때 붉어진다거나 자극, 두터운 느낌도 없어서 좋았어요. 지성분들은 밤에만 사용하시고 건성분들은 그냥 아침에 발라도 상관없을것 같은 느낌이네요. 제가 워낙 건조한 피부라 아침에 펴발라도 잘 맞았습니다. 아직 일주일밖에 사용을 안해서 모르겠지만 피부결정돈되는 느낌도 들고 흡수력도 좋아 데일리템으로 만족하며 쓰고있어요 무엇보다 가격이 너무 착해서 쟁여놓고 쓰기도 좋을것 같아요. 보통 이런 세럼이 기본으로 2~3만원씩 하다보니까 5900원이라는 가격이 너무 혜자처럼 느껴지네요. 데일리세럼 고민하고 계시는 건성분들께 추천드리고 싶네요.",5,2020-05-05,나이아신아마이드,"['대', '건성', '피부', '기미', '잡티', '여드름', '평소', '에', '피부', '는', '건조한데', '기미', '나', '잡티', '는', '많아서', '항', '상세', '럼', '종류', '를', '달', '고사', '는', '피부', '타입', '이에요', '체험', '에', '운', '좋게', '당첨', '되서', '일주일', '간', '꾸준히', '써', '본', '솔직한', '후기', '남깁니다', '일단', '제', '형', '이물', '같은', '타입', '은', '아니고', '살짝', '점성', '있는', '제', '형', '이에요', '향', '은', '거', '의무', '향', '으로', '봐도', '될거', '같고', '예민하', '신분', '들', '은', '아세톤', '같은', '향', '이', '느껴질수도', '있겠네요', '얼굴', '에', '발랐을', '때', '붉어진다거나', '자극', '두터운', '느낌', '도', '없어서', '좋았어요', '지성', '분들', '은', '밤', '에만', '사용', '하시고', '건성', '분들', '은', '그냥', '아침', '에', '발라', '도', '상관없을것', '같은', '느낌', '이네', '요', '제', '가', '워낙', '건조한', '피부', '라', '아침', '에', '펴', '발라', '도', '잘맞았습니다', '아직', '일주일', '밖에', '사용', '을', '안해', '서', '모르겠지만', '피부', '결정', '돈', '되는', '느낌', '도', '들고', '흡수', '력', '도', '좋아데', '일리', '템', '으로', '만족하며', '쓰고있어요', '무엇', '보다', '가격', '이', '너무', '착해서', '쟁', '여', '놓고', '쓰기', '도', '좋을것', '같아요', '보통', '이런세', '럼', '이', '기본', '으로', '만원', '씩', '하다', '보', '니까', '원', '이라는', '가격', '이', '너무', '혜자', '처럼', '느껴지네요', '데일', '리세', '럼', '고민', '하고', '계시는', '건성', '분들', '께', '추천', '드리고싶네요']"
49,"많이많이 건조하고 예민한 피부인데 자극이 있다는 후기들이 있어 솔직히 사용전 걱정이 됐는데 따갑다거나 그런 자극 전혀 없이 사용하고 있고. 제품의 향도 특별한 어떤 향이 느껴지지 않아 더욱 마음에 들었음. 사용감은 스포이드로 깔끔하게 똑똑 떨어뜨려 흡수도 잘되는 편이었고 보습력 역시 단독 사용을 한다면 좀 부족하겠지만 수분크림이나 계절에따라 페이스오일, 영양크림으로 덧발라주니 개인적으로는 굳이 단점이라 말할게 없음. 다만, 잡티가 참~많은 피부이고 그 부분에 효과를 많이 기대하고 사용중인데 아직 사용한지 얼마 안된터라 조금 더 사용을 해봐야 좀 더 눈에 띄는 효과가 있지않을까 싶음. 가격대비 제품 성분이나 사용감등 만족스런 제품이라 재구매하여 계속 사용할꺼임~^^",5,2020-05-05,나이아신아마이드,"['많이', '많이', '건조', '하고', '예민한', '피부', '인데', '자극', '이', '있다는', '후기', '들', '이', '있어', '솔직히', '사용', '전', '걱정', '이', '됐는데', '따갑다거나', '그런', '자극', '전혀', '없이', '사용', '하고', '있고', '제품', '의향', '도', '특별한', '어떤', '향', '이', '느껴지지', '않아', '더욱', '마음', '에', '들었음', '사용', '감은', '스포이드', '로', '깔끔하게', '똑똑', '떨어뜨려', '흡수', '도', '잘', '되는', '편', '이었고', '보습', '력', '역시', '단독', '사용', '을', '한', '다', '면', '좀', '부족하겠지만', '수분크림', '이나', '계절', '에', '따라', '페이스', '오일', '영양', '크림', '으로', '덧', '발라주니', '개인', '적', '으로는', '굳이', '단점', '이라', '말', '할게', '없음', '다만', '잡티', '가', '참', '많은', '피부', '이고', '그', '부분', '에', '효과', '를', '많이', '기대하고', '사용', '중', '인데', '아직', '사용', '한지', '얼마', '안된', '터', '라', '조금', '더', '사용', '을', '해봐야', '좀더', '눈', '에', '띄는', '효과', '가', '있지', '않을까', '싶음', '가격', '대비', '제품', '성분', '이나', '사용', '감등', '만족스런', '제품', '이라', '재구', '매하', '여계', '속사', '용할꺼', '임']"
50,주소지 잘못기재되서 그러께야 받았어요 제형은 쫀득한데 바를땐 잘 펴잘라지네요 흡수도 빠르구요 아직 이틀뿐 못써봐서 확 좋아지거나 그렇진 않은데 여름에 바르기 적합한것 같아요 악건성이라 바른후 약간 건조한것 같기도해요 열심히 써볼께요,5,2020-05-06,나이아신아마이드,"['주소지', '잘못', '기재', '되서', '그러께야', '받았어요', '제', '형', '은', '쫀득', '한', '데바', '를', '땐', '잘', '펴', '잘라지네요', '흡수', '도', '빠르구요', '아직', '이틀', '뿐', '못', '써', '봐서', '확', '좋아지거나', '그렇진', '않은데', '여름', '에', '바르기', '적합한것', '같아요', '악', '건성', '이라', '바른', '후', '약간', '건조한것', '같기', '도해', '요', '열심히', '써', '볼께요']"
51,디오디너리 나이아신아마이드 는 안심할 수 있는 성분으로 이루어져서 그동안 썼던 제품들과 달리 피부에 안정을 주는것 같아요~!아무거나 싼거만 써서 그런거 같은데 이제 잘 따져보고 써야겠어요.피부장벽이 깨졌는지 매번 세안을하고 나면 트러블이나서 고생입니다.,5,2020-05-06,나이아신아마이드,"['디', '오디너리', '나이아신', '아마이드', '는', '안', '심할수있는', '성분', '으로', '이루어져서', '그동안', '썼던', '제품', '들', '과', '달리', '피부', '에', '안정', '을', '주는것', '같아요', '아무', '거나', '싼거만', '써서', '그런거', '같은데', '이제', '잘', '따져', '보고', '써야겠어요', '피부', '장벽', '이', '깨졌는지', '매번', '세안', '을', '하고나면', '트러블', '이나', '서', '고생', '입니다']"
52,좋아요,5,2020-05-08,나이아신아마이드,['좋아요']
53,좋아요,5,2020-05-08,나이아신아마이드,['좋아요']
54,좋아요,5,2020-05-08,나이아신아마이드,['좋아요']
55,좋아요,5,2020-05-08,나이아신아마이드,['좋아요']
56,좋아용~,5,2020-05-08,나이아신아마이드,['좋아용']
57,좋아요,4,2020-05-08,나이아신아마이드,['좋아요']
58,좋아요,5,2020-05-08,나이아신아마이드,['좋아요']
59,좋아요,5,2020-05-08,나이아신아마이드,['좋아요']
60,좋아요,5,2020-05-08,나이아신아마이드,['좋아요']
61,아주 좋아요,5,2020-05-08,나이아신아마이드,"['아주', '좋아요']"
62,좋네요,5,2020-05-08,나이아신아마이드,['좋네요']
63,좋아요,5,2020-05-08,나이아신아마이드,['좋아요']
64,좋아요,5,2020-05-08,나이아신아마이드,['좋아요']
65,좋아요,4,2020-05-08,나이아신아마이드,['좋아요']
66,좋아요,5,2020-05-08,나이아신아마이드,['좋아요']
67,"체험단리뷰를 처음 신청했는데 당첨될지 몰랐는데 당청돼서 너무너무 좋았어요 ^^ 체험분을 하루하루 사용해봤어요! 일단 얼굴에 바르니까 촉촉하고 금방 흡수되더라구요 그거에 놀랐어요! 바른다음에 향도 적당하고 촉촉해서 얼굴이 탱탱하고 그뒷날도 맑은 피부를 볼 수 있어서 넘넘 좋았아요! 영양,수분 관리가 필요하신분들 꼭꼭 사용해보세요! 후회안할 템 입니다 ㅎㅎ",5,2020-05-08,나이아신아마이드,"['체험', '단', '리뷰', '를', '처음', '신청', '했는데', '당첨', '될지', '몰랐는데', '당청', '돼서', '너무', '너무', '좋았어요', '체험', '분', '을', '하루하루', '사용', '해봤어요', '일단', '얼굴', '에', '바르니까', '촉촉하고', '금방', '흡수', '되더라구요', '그거', '에', '놀랐어요', '바른', '다음', '에', '향', '도', '적당하고', '촉촉해서', '얼굴', '이', '탱탱하고', '그', '뒷날', '도', '맑은', '피부', '를', '볼수있어서', '넘', '넘', '좋았아요', '영양', '수분', '관리', '가', '필요하', '신분', '들', '꼭꼭', '사용', '해보세요', '후회', '안', '할', '템', '입니다']"
68,오 잘 발려요 흡수도 짱 솔직히 여드름이 들어가는거나 이런건 잘 모르는뎅 더 나지도 않고 바르는데 부담안되서 좋어요!! 전 맘에 들어요 가벼운이느낌 너무 좋음,5,2020-05-08,나이아신아마이드,"['오잘', '발려요', '흡수', '도', '짱', '솔직히', '여드름', '이', '들어가는거나', '이런건', '잘', '모르는', '뎅더', '나', '지도', '않고', '바르는데', '부담', '안되서', '좋어', '요전', '맘', '에', '들어요', '가벼운이', '느낌', '너무', '좋음']"
69,배송도 빠르고 포장도 안전하게 잘되어서 왔습니다 굿~,5,2020-05-08,나이아신아마이드,"['배송', '도', '빠르고', '포장', '도', '안전하게잘', '되어서', '왔습니다', '굿']"
70,좋아요,5,2020-05-08,나이아신아마이드,['좋아요']
71,배송도 빠르고 포장도 안전하게 잘되어서 왔습니다 굿~,5,2020-05-08,나이아신아마이드,"['배송', '도', '빠르고', '포장', '도', '안전하게잘', '되어서', '왔습니다', '굿']"
72,좋아요,5,2020-05-08,나이아신아마이드,['좋아요']
73,배송도 빠르고 포장도 안전하게 잘되어서 왔습니다 굿~,5,2020-05-08,나이아신아마이드,"['배송', '도', '빠르고', '포장', '도', '안전하게잘', '되어서', '왔습니다', '굿']"
74,.,5,2020-05-08,나이아신아마이드,[]
75,좋아요,5,2020-05-08,나이아신아마이드,['좋아요']
76,좋아요,5,2020-05-08,나이아신아마이드,['좋아요']
77,배송도 빠르고 포장도 안전하게 잘되어서 왔습니다 굿~,5,2020-05-08,나이아신아마이드,"['배송', '도', '빠르고', '포장', '도', '안전하게잘', '되어서', '왔습니다', '굿']"
78,상품과 배송 모두 만족합니다. 포장이 아주 꼼꼼해요,5,2020-05-09,나이아신아마이드,"['상품', '과', '배송', '모두', '만족합니다', '포장', '이아주', '꼼꼼해요']"
79,하얀 반투명 점성이 에센스 같아요~레티놀 위에 발랐는데 향은 없고 부드럽게발리고 흡수가 바로 되네요~ 끈적임 없어요~성분 중 페녹시에탄올이 소량 들어있어 약간걱정이 되는데 목 쪽에 우선 사용해봅니다.촉촉해요~,4,2020-05-09,나이아신아마이드,"['하얀', '반투명', '점성', '이', '에센스', '같아요', '레티놀위', '에', '발랐는데', '향', '은', '없고', '부드럽게', '발리', '고', '흡수', '가바', '로되', '네', '요끈', '적임', '없어요', '성분', '중', '페', '녹시', '에탄올', '이', '소량', '들어있어', '약간', '걱정', '이', '되는데', '목쪽', '에', '우선', '사용', '해봅니다', '촉촉해요']"
80,"수분 베이스세럼으로 나이아신아마이드는 미백,잡티와 트러블 감소효과가 있고 징크 항염효과가 있다고 해서 관심이 가지게 되었어요. 비타민C 함께사용하면 안된다 고해서 평소 사용하고 있던 비타민C 에센스를 사용하지 않았어요. 전 저녁때 크림 사용하기 전에 사용했는데 스포이드 형식의 묽은 제형타입으로 흐르지 않아요. 피부 자극 약간 있어 검색해보니 고함량 성분 때문에그런것이 라고 되어 있어 계속 사용했구요 일주일 사용했는데 아직 미백,잡티와 트러블 감소효과는 아직은 모르겠지만 확실히 피부결은 정돈되는 느낌이었어요.",5,2020-05-10,나이아신아마이드,"['수분', '베이스', '세', '럼', '으로', '나이아신', '아마이드', '는', '미백', '잡티', '와', '트러블', '감소', '효과', '가', '있고', '징', '크', '항염', '효과', '가', '있다', '고해', '서', '관심', '이', '가지', '게', '되었어요', '비타민', '함께', '사용', '하', '면', '안된다고', '해서', '평소', '사용', '하고', '있던', '비타민', '에센스', '를', '사용', '하', '지', '않았어', '요전', '저녁때', '크림', '사용', '하', '기전', '에', '사용', '했는데', '스포이드', '형식', '의', '묽', '은제', '형', '타입', '으로', '흐르지', '않아요', '피부', '자', '극약', '간', '있어', '검색', '해보니고', '함량', '성분', '때문', '에', '그런것이라고', '되어있어계', '속사', '용했구요', '일', '주', '일사', '용했는데', '아직', '미백', '잡티', '와', '트러블', '감소', '효과', '는', '아직', '은', '모르겠지만', '확실히', '피부', '결', '은', '정돈', '되는', '느낌', '이었어요']"
81,피부는 건조함만 없어도 탄력을 유지할수 있죠~ 저녁에 티비볼때 저는 두번정도 얼굴에 한두방울 떨어뜨려 흡수시켜요. 제형이 묽어서 쫀쫀한크림과 사용하기 좋아서 좋구요. 자극없는 묽은제형이라 부담이 없고 얼굴은 반질해지는 기분이네요~^^ 용기와 스포이드도 마음에 드네요ㅎ,5,2020-05-10,나이아신아마이드,"['피부', '는', '건조함만', '없어도', '탄력', '을', '유지', '할수있죠', '저녁', '에', '티비', '볼때', '저', '는', '두', '번', '정도', '얼굴', '에', '한두', '방울', '떨어뜨려', '흡수', '시켜요', '제', '형', '이', '묽어서', '쫀쫀', '한', '크림', '과', '사용', '하기', '좋아서', '좋구요', '자극', '없는', '묽', '은제', '형', '이라', '부담', '이', '없고', '얼굴', '은반', '질', '해지', '는', '기분', '이네', '요', '용기', '와', '스포이드', '도', '마음', '에드', '네', '요']"
82,.,5,2020-05-11,나이아신아마이드,[]
83,1,5,2020-05-11,나이아신아마이드,[]
84,.,5,2020-05-11,나이아신아마이드,[]
85,.,5,2020-05-11,나이아신아마이드,[]
86,.,5,2020-05-11,나이아신아마이드,[]
87,Z,5,2020-05-11,나이아신아마이드,[]
88,.,5,2020-05-11,나이아신아마이드,[]
89,.,5,2020-05-11,나이아신아마이드,[]
90,.,5,2020-05-11,나이아신아마이드,[]
91,생각보다 괜찮네요ㆍ 재구매의사 있어요..,4,2020-05-12,나이아신아마이드,"['생각', '보다', '괜찮네요', '재구매', '의사', '있어요']"
92,생각보다 괜찮네요..재구매의사있어요~,4,2020-05-12,나이아신아마이드,"['생각', '보다', '괜찮네요', '재구매', '의사', '있어요']"
93,생각보다 괸찮아요..재구매의사 있어요,4,2020-05-12,나이아신아마이드,"['생각', '보다', '괸', '찮아요', '재구매', '의사', '있어요']"
94,"좋은 제품, 정말 저렴한 가격. 매우 빠른 배송. 나는 그것을 매우 좋아한다",5,2020-05-14,나이아신아마이드,"['좋은', '제품', '정말', '저렴한', '가격', '매우', '빠른', '배송', '나', '는', '그것', '을', '매우', '좋아한다']"
95,써봐야알거같아용,5,2020-05-14,나이아신아마이드,"['써', '봐야', '알거', '같아용']"
96,라인 변경좀 했는데 사용감 나쁘지 않네요,4,2020-05-15,나이아신아마이드,"['라인', '변경', '좀', '했는데사', '용감', '나쁘지', '않네요']"
97,나이가 들면서 피부도 쳐지고 모공도 점점 넓어져서 걱정이 많았는데 요 제품이 저의 이런 고민들에 도움을 줄수있다고 해서 사용해봤어요. 투명한색의 약간의 점성이 있는 제형이었어요. 크림 바르기 전에 얼굴에 펴 바르는건데 바르는 순간 깜짝 놀랐어요. 재빠르게 피부에 확! 흡수되는것이! 너무 쫀쫀하더라고요.바르는순간 피부결도 매끄러워져서 울퉁불퉁한 피부 요철을 어느정도 커버해주는것 같아요. 꾸준히 사용하면 피부결정돈에 도움이 많이 될듯 합니다^^,5,2020-05-19,나이아신아마이드,"['나이', '가', '들면서', '피부', '도', '쳐지고', '모공', '도', '점점', '넓어져서', '걱정', '이', '많았는데요', '제품', '이', '저', '의', '이런', '고민', '들', '에', '도움', '을', '줄수있다고', '해서', '사용', '해봤어요', '투명한', '색', '의약', '간', '의', '점성', '이', '있는', '제', '형', '이었어요', '크림', '바르', '기전', '에', '얼굴', '에', '펴', '바르는건데', '바르는', '순간', '깜짝', '놀랐어요', '재빠르게', '피부', '에', '확', '흡수', '되는것이', '너무', '쫀쫀', '하더라고요', '바르는', '순간', '피부', '결', '도', '매끄러워져서', '울퉁불퉁한', '피부', '요철', '을', '어느', '정도', '커버', '해주는것', '같아요', '꾸준히사', '용하면', '피부', '결정', '돈', '에', '도움', '이', '많이', '될듯', '합니다']"
98,완죤 만족합니다,5,2020-05-19,나이아신아마이드,"['완죤', '만족합니다']"
99,용량이 좀 적지만 비타민 등 효과 좋음,4,2020-05-24,나이아신아마이드,"['용량', '이', '좀', '적', '지만', '비타민', '등', '효과', '좋음']"
100,"좋은 제품, 정말 저렴한 가격. 매우 빠른 배송. 나는 그것을 매우 좋아한다",5,2020-05-26,나이아신아마이드,"['좋은', '제품', '정말', '저렴한', '가격', '매우', '빠른', '배송', '나', '는', '그것', '을', '매우', '좋아한다']"
101,"좋은 제품, 정말 저렴한 가격. 매우 빠른 배송. 나는 그것을 매우 좋아한다",5,2020-05-26,나이아신아마이드,"['좋은', '제품', '정말', '저렴한', '가격', '매우', '빠른', '배송', '나', '는', '그것', '을', '매우', '좋아한다']"
102,"좋은 제품, 정말 저렴한 가격. 매우 빠른 배송. 나는 그것을 매우 좋아한다",5,2020-05-26,나이아신아마이드,"['좋은', '제품', '정말', '저렴한', '가격', '매우', '빠른', '배송', '나', '는', '그것', '을', '매우', '좋아한다']"
103,"좋은 제품, 정말 저렴한 가격. 매우 빠른 배송. 나는 그것을 매우 좋아한다",5,2020-05-26,나이아신아마이드,"['좋은', '제품', '정말', '저렴한', '가격', '매우', '빠른', '배송', '나', '는', '그것', '을', '매우', '좋아한다']"
104,처음 보는 브랜드입니다 ..상품평이 좋아서 구입했어요,4,2020-05-26,나이아신아마이드,"['처음', '보는', '브랜드', '입니다', '상품', '평이', '좋아서', '구입', '했어요']"
105,"좋은 제품, 정말 저렴한 가격. 매우 빠른 배송. 나는 그것을 매우 좋아한다",5,2020-05-26,나이아신아마이드,"['좋은', '제품', '정말', '저렴한', '가격', '매우', '빠른', '배송', '나', '는', '그것', '을', '매우', '좋아한다']"
106,"좋은 제품, 정말 저렴한 가격. 매우 빠른 배송. 나는 그것을 매우 좋아한다",5,2020-05-26,나이아신아마이드,"['좋은', '제품', '정말', '저렴한', '가격', '매우', '빠른', '배송', '나', '는', '그것', '을', '매우', '좋아한다']"
107,"좋은 제품, 정말 저렴한 가격. 매우 빠른 배송. 나는 그것을 매우 좋아한다",5,2020-05-26,나이아신아마이드,"['좋은', '제품', '정말', '저렴한', '가격', '매우', '빠른', '배송', '나', '는', '그것', '을', '매우', '좋아한다']"
108,"좋은 제품, 정말 저렴한 가격. 매우 빠른 배송. 나는 그것을 매우 좋아한다",5,2020-05-26,나이아신아마이드,"['좋은', '제품', '정말', '저렴한', '가격', '매우', '빠른', '배송', '나', '는', '그것', '을', '매우', '좋아한다']"
109,좋아요,5,2020-05-28,나이아신아마이드,['좋아요']
110,믿고 쓰는 제품 디오디너리의 나이아신아마이드,5,2020-05-29,나이아신아마이드,"['믿고', '쓰는', '제품', '디', '오디너리', '의', '나이아신', '아마이드']"
111,"좋은 제품, 정말 저렴한 가격. 매우 빠른 배송. 나는 그것을 매우 좋아한다",5,2020-05-29,나이아신아마이드,"['좋은', '제품', '정말', '저렴한', '가격', '매우', '빠른', '배송', '나', '는', '그것', '을', '매우', '좋아한다']"
112,"좋은 제품, 정말 저렴한 가격. 매우 빠른 배송. 나는 그것을 매우 좋아한다",5,2020-05-29,나이아신아마이드,"['좋은', '제품', '정말', '저렴한', '가격', '매우', '빠른', '배송', '나', '는', '그것', '을', '매우', '좋아한다']"
113,"좋은 제품, 정말 저렴한 가격. 매우 빠른 배송. 나는 그것을 매우 좋아한다",5,2020-05-29,나이아신아마이드,"['좋은', '제품', '정말', '저렴한', '가격', '매우', '빠른', '배송', '나', '는', '그것', '을', '매우', '좋아한다']"
114,"좋은 제품, 정말 저렴한 가격. 매우 빠른 배송. 나는 그것을 매우 좋아한다",5,2020-05-29,나이아신아마이드,"['좋은', '제품', '정말', '저렴한', '가격', '매우', '빠른', '배송', '나', '는', '그것', '을', '매우', '좋아한다']"
115,whejejdyjdyjdujdns,5,2020-05-30,나이아신아마이드,[]
116,geheheheyhyhethet,5,2020-05-30,나이아신아마이드,[]
117,3년전부터 이마.턱에만 날만 따뜻해지면 올라오는 엄청난 좁쌀.가끔 화농성여드름 때문에 어느분 글보고 저는 이제품 피지 억제효과때매 구매한건데 피지 확실히 잘잡아주네요. 거의 안올라와요. 그래서 올라오던 여드름도 아예 없는건 아니지만 좀 덜하긴 하네요. 근데 이제품은 도대체 유통기한이 어디 나와있나요? 별도표시라도 써있는데 별도표시된게 없네요ㅋㅋ,5,2020-05-31,나이아신아마이드,"['년전', '부터', '이마', '턱', '에만', '날', '만', '따뜻해지면', '올라오는', '엄청난', '좁쌀', '가끔', '화', '농성', '여드름', '때문', '에', '어느', '분글', '보고', '저', '는', '이', '제품', '피지', '억', '제', '효과', '때', '매', '구매', '한건데', '피지', '확실히잘', '잡아주네요', '거', '의안', '올라와요', '그래서', '올라오던', '여드름', '도', '아예', '없는건', '아니지만', '좀', '덜하긴하네요', '근', '데이', '제품', '은', '도대체', '유통', '기한', '이', '어디', '나와있나요', '별도', '표시', '라도', '써있는데', '별도', '표시', '된게', '없네요']"
118,친구가 이거 바르고 블랙헤드 엄청 좋아졌다고 화장품 회사 다니는 엄마도 계속 쓰라하셧다구 강추해서 샀어요. 근데 향이 좀 산? 신? 냄새가 난다구해야하나 ㅜ 그리고 조금이라도 끈적한 타입을 못견뎌해서 두번 바르고 아직 다 못발랐어요. 근데 친구가 엄청 강추했으니 여러분도 함 써보시길... 싸게는 잘 산거같아요,4,2020-05-31,나이아신아마이드,"['친구', '가이거', '바르고', '블랙', '헤드', '엄청', '좋아졌다고', '화장품', '회사', '다니는', '엄마', '도', '계속', '쓰라', '하', '셧다', '구강', '추해서', '샀어요', '근데', '향', '이', '좀', '산신', '냄새', '가난', '다', '구해', '야', '하나', '그리고', '조금', '이라도', '끈', '적', '한', '타입', '을', '못', '견뎌', '해서', '두', '번', '바르고', '아직', '다', '못', '발랐어요', '근데', '친구', '가', '엄청', '강', '추했으니', '여러분', '도', '함', '써', '보시', '길', '싸게는', '잘산거', '같아요']"
119,배송 잘 보내주셔서 감사합니다 . 피부가 부디 밝아지길 바라면서 ㅋㅋㅋㅋ,5,2020-06-01,나이아신아마이드,"['배송', '잘', '보내주셔서', '감사합니다', '피부', '가', '부디', '밝아지길', '바라면서']"
120,"저녁마다 바르려고 한번 구매해봤어요. 저렴하게 샘플식으로 살슈있으니 좋네요 ^^,피부민감하시면 안바르는게 좋을듯. 피부 컨디션이 좋으면 좋은거같아요 ^^,",4,2020-06-01,나이아신아마이드,"['저녁', '마다', '바르려고', '한번', '구매', '해봤어요', '저렴하게', '샘플', '식', '으로', '살슈', '있으니', '좋네요', '피부', '민감하시면안', '바르는게', '좋을듯', '피부', '컨디션', '이', '좋으면', '좋은', '거', '같아요']"
121,"좋은 제품, 정말 저렴한 가격. 매우 빠른 배송. 나는 그것을 매우 좋아한다",5,2020-06-03,나이아신아마이드,"['좋은', '제품', '정말', '저렴한', '가격', '매우', '빠른', '배송', '나', '는', '그것', '을', '매우', '좋아한다']"
122,"좋은 제품, 정말 저렴한 가격. 매우 빠른 배송. 나는 그것을 매우 좋아한다",5,2020-06-03,나이아신아마이드,"['좋은', '제품', '정말', '저렴한', '가격', '매우', '빠른', '배송', '나', '는', '그것', '을', '매우', '좋아한다']"
123,"좋은 제품, 정말 저렴한 가격. 매우 빠른 배송. 나는 그것을 매우 좋아한다",5,2020-06-03,나이아신아마이드,"['좋은', '제품', '정말', '저렴한', '가격', '매우', '빠른', '배송', '나', '는', '그것', '을', '매우', '좋아한다']"
124,"좋은 제품, 정말 저렴한 가격. 매우 빠른 배송. 나는 그것을 매우 좋아한다",5,2020-06-03,나이아신아마이드,"['좋은', '제품', '정말', '저렴한', '가격', '매우', '빠른', '배송', '나', '는', '그것', '을', '매우', '좋아한다']"
125,"좋은 제품, 정말 저렴한 가격. 매우 빠른 배송. 나는 그것을 매우 좋아한다",5,2020-06-03,나이아신아마이드,"['좋은', '제품', '정말', '저렴한', '가격', '매우', '빠른', '배송', '나', '는', '그것', '을', '매우', '좋아한다']"
126,"좋은 제품, 정말 저렴한 가격. 매우 빠른 배송. 나는 그것을 매우 좋아한다",5,2020-06-03,나이아신아마이드,"['좋은', '제품', '정말', '저렴한', '가격', '매우', '빠른', '배송', '나', '는', '그것', '을', '매우', '좋아한다']"
127,"좋은 제품, 정말 저렴한 가격. 매우 빠른 배송. 나는 그것을 매우 좋아한다",5,2020-06-05,나이아신아마이드,"['좋은', '제품', '정말', '저렴한', '가격', '매우', '빠른', '배송', '나', '는', '그것', '을', '매우', '좋아한다']"
128,"좋은 제품, 정말 저렴한 가격. 매우 빠른 배송. 나는 그것을 매우 좋아한다",5,2020-06-06,나이아신아마이드,"['좋은', '제품', '정말', '저렴한', '가격', '매우', '빠른', '배송', '나', '는', '그것', '을', '매우', '좋아한다']"
129,"좋은 제품, 정말 저렴한 가격. 매우 빠른 배송. 나는 그것을 매우 좋아한다",5,2020-06-06,나이아신아마이드,"['좋은', '제품', '정말', '저렴한', '가격', '매우', '빠른', '배송', '나', '는', '그것', '을', '매우', '좋아한다']"
130,"좋은 제품, 정말 저렴한 가격. 매우 빠른 배송. 나는 그것을 매우 좋아한다",5,2020-06-06,나이아신아마이드,"['좋은', '제품', '정말', '저렴한', '가격', '매우', '빠른', '배송', '나', '는', '그것', '을', '매우', '좋아한다']"
131,"좋은 제품, 정말 저렴한 가격. 매우 빠른 배송. 나는 그것을 매우 좋아한다",5,2020-06-06,나이아신아마이드,"['좋은', '제품', '정말', '저렴한', '가격', '매우', '빠른', '배송', '나', '는', '그것', '을', '매우', '좋아한다']"
132,"좋은 제품, 정말 저렴한 가격. 매우 빠른 배송. 나는 그것을 매우 좋아한다",5,2020-06-06,나이아신아마이드,"['좋은', '제품', '정말', '저렴한', '가격', '매우', '빠른', '배송', '나', '는', '그것', '을', '매우', '좋아한다']"
133,좋다고 해서 구매해봤어요,4,2020-06-10,나이아신아마이드,"['좋다고', '해서', '구매', '해봤어요']"
134,"좋은 제품, 정말 저렴한 가격. 매우 빠른 배송. 나는 그것을 매우 좋아한다",5,2020-06-11,나이아신아마이드,"['좋은', '제품', '정말', '저렴한', '가격', '매우', '빠른', '배송', '나', '는', '그것', '을', '매우', '좋아한다']"
135,"좋은 제품, 정말 저렴한 가격. 매우 빠른 배송. 나는 그것을 매우 좋아한다",5,2020-06-11,나이아신아마이드,"['좋은', '제품', '정말', '저렴한', '가격', '매우', '빠른', '배송', '나', '는', '그것', '을', '매우', '좋아한다']"
136,"좋은 제품, 정말 저렴한 가격. 매우 빠른 배송. 나는 그것을 매우 좋아한다",5,2020-06-11,나이아신아마이드,"['좋은', '제품', '정말', '저렴한', '가격', '매우', '빠른', '배송', '나', '는', '그것', '을', '매우', '좋아한다']"
137,"좋은 제품, 정말 저렴한 가격. 매우 빠른 배송. 나는 그것을 매우 좋아한다",5,2020-06-11,나이아신아마이드,"['좋은', '제품', '정말', '저렴한', '가격', '매우', '빠른', '배송', '나', '는', '그것', '을', '매우', '좋아한다']"
138,"좋은 제품, 정말 저렴한 가격. 매우 빠른 배송. 나는 그것을 매우 좋아한다",5,2020-06-11,나이아신아마이드,"['좋은', '제품', '정말', '저렴한', '가격', '매우', '빠른', '배송', '나', '는', '그것', '을', '매우', '좋아한다']"
139,"좋은 제품, 정말 저렴한 가격. 매우 빠른 배송. 나는 그것을 매우 좋아한다",5,2020-06-11,나이아신아마이드,"['좋은', '제품', '정말', '저렴한', '가격', '매우', '빠른', '배송', '나', '는', '그것', '을', '매우', '좋아한다']"
140,저렴한가격에 질좋은 제품이라 좋아요,5,2020-06-11,나이아신아마이드,"['저렴한', '가격', '에', '질', '좋은', '제품', '이라', '좋아요']"
141,상품평 찾아보고 구입했어요,4,2020-06-25,나이아신아마이드,"['상품', '평', '찾아보고', '구입', '했어요']"
142,상품평 찾아보고 구입했어요,4,2020-06-25,나이아신아마이드,"['상품', '평', '찾아보고', '구입', '했어요']"
143,저랑잘맞아요. 보습력도좋고 좁쌀도 다들어갔네요.,5,2020-06-26,나이아신아마이드,"['저', '랑', '잘맞아요', '보습', '력', '도', '좋고', '좁쌀', '도', '다', '들어갔네요']"
144,배송도 빠르고 잘 받았습니다.,5,2020-07-02,나이아신아마이드,"['배송', '도', '빠르고잘', '받았습니다']"
145,배송도 빠르고 잘 받았습니다.,5,2020-07-02,나이아신아마이드,"['배송', '도', '빠르고잘', '받았습니다']"
146,배송도 빠르고 잘 받았습니다.,5,2020-07-02,나이아신아마이드,"['배송', '도', '빠르고잘', '받았습니다']"
147,착한가격이라 인터넷 좀 찾아보고 미백에 도움될거같아서 시범삼아 한개만 주문함 제형이 겔같아 묵직합니다 컨디션 따라 사용할려구요,4,2020-07-04,나이아신아마이드,"['착한', '가격', '이라', '인터넷', '좀', '찾아보고', '미백', '에', '도움', '될거', '같아서', '시범', '삼아', '한개', '만', '주문', '함제', '형', '이', '겔', '같아', '묵직합니다', '컨디션', '따라사', '용할려', '구', '요']"
148,"좋은 제품, 정말 저렴한 가격. 매우 빠른 배송. 나는 그것을 매우 좋아한다",5,2020-07-06,나이아신아마이드,"['좋은', '제품', '정말', '저렴한', '가격', '매우', '빠른', '배송', '나', '는', '그것', '을', '매우', '좋아한다']"
149,"좋은 제품, 정말 저렴한 가격. 매우 빠른 배송. 나는 그것을 매우 좋아한다",5,2020-07-06,나이아신아마이드,"['좋은', '제품', '정말', '저렴한', '가격', '매우', '빠른', '배송', '나', '는', '그것', '을', '매우', '좋아한다']"
150,"좋은 제품, 정말 저렴한 가격. 매우 빠른 배송. 나는 그것을 매우 좋아한다",5,2020-07-06,나이아신아마이드,"['좋은', '제품', '정말', '저렴한', '가격', '매우', '빠른', '배송', '나', '는', '그것', '을', '매우', '좋아한다']"
151,"좋은 제품, 정말 저렴한 가격. 매우 빠른 배송. 나는 그것을 매우 좋아한다",5,2020-07-06,나이아신아마이드,"['좋은', '제품', '정말', '저렴한', '가격', '매우', '빠른', '배송', '나', '는', '그것', '을', '매우', '좋아한다']"
152,"좋은 제품, 정말 저렴한 가격. 매우 빠른 배송. 나는 그것을 매우 좋아한다",5,2020-07-06,나이아신아마이드,"['좋은', '제품', '정말', '저렴한', '가격', '매우', '빠른', '배송', '나', '는', '그것', '을', '매우', '좋아한다']"
153,잘샀어요. 잘쓰겠습니다,5,2020-07-07,나이아신아마이드,"['잘', '샀어요', '잘쓰겠습니다']"
154,저렴하게 구매합니다.,5,2020-07-08,나이아신아마이드,"['저렴하게', '구매', '합니다']"
155,써보구있는데 좋았으면 합니다.,5,2020-07-08,나이아신아마이드,"['써', '보구있는데', '좋았으면', '합니다']"
156,좋아요~,5,2020-07-10,나이아신아마이드,['좋아요']
157,좋아요~,5,2020-07-10,나이아신아마이드,['좋아요']
158,잘받았어요^^,5,2020-07-10,나이아신아마이드,"['잘', '받았어요']"
159,잘받았어요^^,5,2020-07-10,나이아신아마이드,"['잘', '받았어요']"
160,좋아요~,5,2020-07-10,나이아신아마이드,['좋아요']
161,좋아요~,5,2020-07-10,나이아신아마이드,['좋아요']
162,"좋은 제품, 정말 저렴한 가격. 매우 빠른 배송. 나는 그것을 매우 좋아한다",5,2020-07-11,나이아신아마이드,"['좋은', '제품', '정말', '저렴한', '가격', '매우', '빠른', '배송', '나', '는', '그것', '을', '매우', '좋아한다']"
163,"좋은 제품, 정말 저렴한 가격. 매우 빠른 배송. 나는 그것을 매우 좋아한다",5,2020-07-11,나이아신아마이드,"['좋은', '제품', '정말', '저렴한', '가격', '매우', '빠른', '배송', '나', '는', '그것', '을', '매우', '좋아한다']"
164,"좋은 제품, 정말 저렴한 가격. 매우 빠른 배송. 나는 그것을 매우 좋아한다",5,2020-07-11,나이아신아마이드,"['좋은', '제품', '정말', '저렴한', '가격', '매우', '빠른', '배송', '나', '는', '그것', '을', '매우', '좋아한다']"
165,"좋은 제품, 정말 저렴한 가격. 매우 빠른 배송. 나는 그것을 매우 좋아한다",5,2020-07-11,나이아신아마이드,"['좋은', '제품', '정말', '저렴한', '가격', '매우', '빠른', '배송', '나', '는', '그것', '을', '매우', '좋아한다']"
166,"좋은 제품, 정말 저렴한 가격. 매우 빠른 배송. 나는 그것을 매우 좋아한다",5,2020-07-11,나이아신아마이드,"['좋은', '제품', '정말', '저렴한', '가격', '매우', '빠른', '배송', '나', '는', '그것', '을', '매우', '좋아한다']"
167,"좋은 제품, 정말 저렴한 가격. 매우 빠른 배송. 나는 그것을 매우 좋아한다",5,2020-07-11,나이아신아마이드,"['좋은', '제품', '정말', '저렴한', '가격', '매우', '빠른', '배송', '나', '는', '그것', '을', '매우', '좋아한다']"
168,"좋은 제품, 정말 저렴한 가격. 매우 빠른 배송. 나는 그것을 매우 좋아한다",5,2020-07-11,나이아신아마이드,"['좋은', '제품', '정말', '저렴한', '가격', '매우', '빠른', '배송', '나', '는', '그것', '을', '매우', '좋아한다']"
169,한달정도 사용했는데 효과가 있어요~,5,2020-07-14,나이아신아마이드,"['한', '달', '정도', '사용', '했는데', '효과', '가', '있어요']"
170,한병 다쓰고 또삽니다. 피부가 한결 부드러워지네요. 많이 파세요,5,2020-07-14,나이아신아마이드,"['한', '병', '다', '쓰고', '또', '삽니다', '피부', '가', '한결', '부드러워지네요', '많이', '파세요']"
171,한달정도 사용했는데 효과가 있어요~,5,2020-07-14,나이아신아마이드,"['한', '달', '정도', '사용', '했는데', '효과', '가', '있어요']"
172,한달정도 사용했는데 효과가 있어요~,5,2020-07-14,나이아신아마이드,"['한', '달', '정도', '사용', '했는데', '효과', '가', '있어요']"
173,한달정도 사용했는데 효과가 있어요~,5,2020-07-14,나이아신아마이드,"['한', '달', '정도', '사용', '했는데', '효과', '가', '있어요']"
174,한달정도 사용했는데 효과가 있어요~,5,2020-07-14,나이아신아마이드,"['한', '달', '정도', '사용', '했는데', '효과', '가', '있어요']"
175,"좋은 제품, 정말 저렴한 가격. 매우 빠른 배송. 나는 그것을 매우 좋아한다",5,2020-07-15,나이아신아마이드,"['좋은', '제품', '정말', '저렴한', '가격', '매우', '빠른', '배송', '나', '는', '그것', '을', '매우', '좋아한다']"
176,"좋은 제품, 정말 저렴한 가격. 매우 빠른 배송. 나는 그것을 매우 좋아한다",5,2020-07-15,나이아신아마이드,"['좋은', '제품', '정말', '저렴한', '가격', '매우', '빠른', '배송', '나', '는', '그것', '을', '매우', '좋아한다']"
177,"좋은 제품, 정말 저렴한 가격. 매우 빠른 배송. 나는 그것을 매우 좋아한다",5,2020-07-15,나이아신아마이드,"['좋은', '제품', '정말', '저렴한', '가격', '매우', '빠른', '배송', '나', '는', '그것', '을', '매우', '좋아한다']"
178,"좋은 제품, 정말 저렴한 가격. 매우 빠른 배송. 나는 그것을 매우 좋아한다",5,2020-07-15,나이아신아마이드,"['좋은', '제품', '정말', '저렴한', '가격', '매우', '빠른', '배송', '나', '는', '그것', '을', '매우', '좋아한다']"
179,"좋은 제품, 정말 저렴한 가격. 매우 빠른 배송. 나는 그것을 매우 좋아한다",5,2020-07-15,나이아신아마이드,"['좋은', '제품', '정말', '저렴한', '가격', '매우', '빠른', '배송', '나', '는', '그것', '을', '매우', '좋아한다']"
180,"좋은 제품, 정말 저렴한 가격. 매우 빠른 배송. 나는 그것을 매우 좋아한다",5,2020-07-15,나이아신아마이드,"['좋은', '제품', '정말', '저렴한', '가격', '매우', '빠른', '배송', '나', '는', '그것', '을', '매우', '좋아한다']"
181,하얗게 다시 태어나 볼랍니다. 술빵 냄새 비슷하고 쌀뜨물 색 나요. 열심히 발라 볼라고요.,5,2020-07-16,나이아신아마이드,"['하얗게', '다시', '태어나', '볼랍니다', '술빵', '냄새', '비슷하고', '쌀뜨물', '색', '나', '요', '열심히', '발라', '볼라고요']"
182,"좋아요~~~~~~~~~~~~,",5,2020-07-16,나이아신아마이드,['좋아요']
183,하얗게 다시 태어나 볼랍니다. 술빵 냄새 비슷하고 쌀뜨물 색 나요. 열심히 발라 볼라고요.,5,2020-07-16,나이아신아마이드,"['하얗게', '다시', '태어나', '볼랍니다', '술빵', '냄새', '비슷하고', '쌀뜨물', '색', '나', '요', '열심히', '발라', '볼라고요']"
184,좋아요득템했어욬ㅋㅋ,5,2020-07-18,나이아신아마이드,"['좋아요', '득템', '했어', '욬']"
185,좋아요득템했어욬ㅋㅋ,5,2020-07-18,나이아신아마이드,"['좋아요', '득템', '했어', '욬']"
186,좋아요득템했어욬ㅋㅋ,5,2020-07-18,나이아신아마이드,"['좋아요', '득템', '했어', '욬']"
187,좋아요득템했어욬ㅋㅋ,5,2020-07-18,나이아신아마이드,"['좋아요', '득템', '했어', '욬']"
188,좋아요득템했어욬ㅋㅋ,5,2020-07-18,나이아신아마이드,"['좋아요', '득템', '했어', '욬']"
189,여드름 피부를 위해 디오디너리를 구입 했습니다.,5,2020-07-18,나이아신아마이드,"['여드름', '피부', '를', '위해', '디', '오디너리', '를', '구입', '했습니다']"
190,저렴하게 잘 구매했네요.만족해요,5,2020-07-22,나이아신아마이드,"['저렴하게잘', '구매', '했네요', '만족해요']"
191,배송이 빠르네요. 좋아요,5,2020-07-24,나이아신아마이드,"['배송', '이', '빠르네요', '좋아요']"
192,잘 받았습니다,5,2020-07-24,나이아신아마이드,"['잘', '받았습니다']"
193,스티바a크림 쓰다가 알게 되었어요.,5,2020-07-26,나이아신아마이드,"['스티', '바', '크림', '쓰다가', '알', '게', '되었어요']"
194,스티바a크림 쓰다가 알게 되었어요.,5,2020-07-26,나이아신아마이드,"['스티', '바', '크림', '쓰다가', '알', '게', '되었어요']"
195,스티바a크림 쓰다가 알게 되었어요.,5,2020-07-26,나이아신아마이드,"['스티', '바', '크림', '쓰다가', '알', '게', '되었어요']"
196,첫구매라 기대됩니다,3,2020-07-28,나이아신아마이드,"['첫', '구매', '라', '기대', '됩니다']"
197,감사합니다,5,2020-07-29,나이아신아마이드,['감사합니다']
198,감사합니다,5,2020-07-29,나이아신아마이드,['감사합니다']
199,배송 빨라요,4,2020-07-29,나이아신아마이드,"['배송', '빨라요']"
200,아뭏든 그동안 피부 관리 제대로 못해 칙칙한 피부 좀 바꿔 보겠습니다. 일단 권해 준3가지 중에서 가격 부담이 제일 적은 것부터 시작~~,4,2020-07-29,나이아신아마이드,"['아', '뭏', '든', '그동안', '피부관리', '제대로', '못', '해', '칙칙한', '피부', '좀바', '꿔', '보겠습니다', '일단', '권해준', '가지', '중', '에서', '가격', '부담', '이제일', '적은것부터', '시작']"
201,감사합니다,5,2020-07-29,나이아신아마이드,['감사합니다']
202,감사합니다,5,2020-07-29,나이아신아마이드,['감사합니다']
203,감사합니다,5,2020-07-29,나이아신아마이드,['감사합니다']
204,배송빠릅니다 제품은일단써볼게요,5,2020-07-30,나이아신아마이드,"['배송', '빠릅니다', '제품', '은', '일단', '써', '볼게요']"
205,배송빠릅니다 제품은일단 써볼게요,5,2020-07-30,나이아신아마이드,"['배송', '빠릅니다', '제품', '은', '일단', '써', '볼게요']"
206,"좋은 제품, 정말 저렴한 가격. 매우 빠른 배송. 나는 그것을 매우 좋아한다",5,2020-07-31,나이아신아마이드,"['좋은', '제품', '정말', '저렴한', '가격', '매우', '빠른', '배송', '나', '는', '그것', '을', '매우', '좋아한다']"
207,"좋은 제품, 정말 저렴한 가격. 매우 빠른 배송. 나는 그것을 매우 좋아한다",5,2020-07-31,나이아신아마이드,"['좋은', '제품', '정말', '저렴한', '가격', '매우', '빠른', '배송', '나', '는', '그것', '을', '매우', '좋아한다']"
208,하얘지는선 모르겠고 광이나요 기름기인가,4,2020-08-01,나이아신아마이드,"['하얘지는', '선', '모르겠고', '광', '이나', '요', '기름기', '인가']"
209,잘 받았습니다,4,2020-08-01,나이아신아마이드,"['잘', '받았습니다']"
210,오늘도 이렇게 왔어요. ㅠㅠ,2,2020-08-02,나이아신아마이드,"['오늘', '도', '이렇게', '왔어요']"
211,좋아요,4,2020-08-03,나이아신아마이드,['좋아요']
212,so so,3,2020-08-03,나이아신아마이드,[]
213,so so,4,2020-08-03,나이아신아마이드,[]
214,아주좋아요,5,2020-08-04,나이아신아마이드,"['아주', '좋아요']"
215,좋어요 또 이용할게요,5,2020-08-04,나이아신아마이드,"['좋어요', '또', '이', '용할게요']"
216,좋아요 또 이용할게요,5,2020-08-04,나이아신아마이드,"['좋아요', '또', '이', '용할게요']"
217,처음 사용했어요 끈적거림 조금있어요.향은 무향이구요. 효과있음 좋겠어요,5,2020-08-06,나이아신아마이드,"['처음', '사용', '했어요', '끈', '적거', '림', '조금', '있어요', '향', '은', '무향', '이구', '요', '효과', '있음', '좋겠어요']"
218,항상 쟁여 놓고 쓰고 있는 가성비 갑인 제품입니다. 신세계 땡큐요.,5,2020-08-06,나이아신아마이드,"['항상', '쟁', '여', '놓고', '쓰고있는가', '성비', '갑인', '제품', '입니다', '신세계', '땡큐', '요']"
219,처음 사용했어요.약간 끈적거림있어요.효과있음 좋겠어요,5,2020-08-06,나이아신아마이드,"['처음', '사용', '했어요', '약간', '끈', '적거', '림', '있어요', '효과', '있음', '좋겠어요']"
220,항상 쟁여 놓고 쓰고 있는 가성비 갑인 제품입니다. 신세계 땡큐요.,5,2020-08-06,나이아신아마이드,"['항상', '쟁', '여', '놓고', '쓰고있는가', '성비', '갑인', '제품', '입니다', '신세계', '땡큐', '요']"
221,잘받았습니다 감사합니다,3,2020-08-06,나이아신아마이드,"['잘', '받았습니다', '감사합니다']"
222,항상 쟁여 놓고 쓰고 있는 가성비 갑인 제품입니다. 신세계 땡큐요.,5,2020-08-06,나이아신아마이드,"['항상', '쟁', '여', '놓고', '쓰고있는가', '성비', '갑인', '제품', '입니다', '신세계', '땡큐', '요']"
223,항상 쟁여 놓고 쓰고 있는 가성비 갑인 제품입니다. 신세계 땡큐요.,5,2020-08-06,나이아신아마이드,"['항상', '쟁', '여', '놓고', '쓰고있는가', '성비', '갑인', '제품', '입니다', '신세계', '땡큐', '요']"
224,항상 쟁여 놓고 쓰고 있는 가성비 갑인 제품입니다. 신세계 땡큐요.,5,2020-08-06,나이아신아마이드,"['항상', '쟁', '여', '놓고', '쓰고있는가', '성비', '갑인', '제품', '입니다', '신세계', '땡큐', '요']"
225,잘 받았습니다.,4,2020-08-06,나이아신아마이드,"['잘', '받았습니다']"
226,흡수력이 좋은것 같고 미백효과는 아직 모르겠습니다.,5,2020-08-07,나이아신아마이드,"['흡수', '력', '이', '좋은', '것', '같고', '미백', '효과', '는', '아직', '모르겠습니다']"
227,더 발라봐야 알겠지만 괜찮은것 같습니다.,5,2020-08-07,나이아신아마이드,"['더', '발라', '봐야', '알겠지만', '괜찮은', '것', '같습니다']"
228,두방울로 충분히 촉촉해지네요~ 조금씩 피부톤이 밝아지는 효과있어서 요즘은 남편얼굴에도 투자해요~,5,2020-08-07,나이아신아마이드,"['두', '방울', '로', '충분히', '촉촉해지네요', '조금씩', '피부', '톤', '이', '밝아지는', '효과', '있어서', '요즘', '은', '남편', '얼굴', '에도', '투자', '해', '요']"
229,좋은 제품 잘 받았어요,5,2020-08-08,나이아신아마이드,"['좋은', '제품', '잘', '받았어요']"
230,잘 받았습니다. 사용전입니다.,5,2020-08-08,나이아신아마이드,"['잘', '받았습니다', '사용', '전입', '니', '다']"
231,쿠폰 써서 싸게 삿어요 잘 쓸게요 :),5,2020-08-09,나이아신아마이드,"['쿠폰', '써서', '싸게', '삿', '어', '요', '잘쓸게요']"
232,쿠폰 써서 싸게 삿어요 잘 쓸게요 :),5,2020-08-09,나이아신아마이드,"['쿠폰', '써서', '싸게', '삿', '어', '요', '잘쓸게요']"
233,쿠폰 써서 싸게 삿어요 잘 쓸게요 :),5,2020-08-09,나이아신아마이드,"['쿠폰', '써서', '싸게', '삿', '어', '요', '잘쓸게요']"
234,디오디너리 제품중 가성비 좋은 제품중 하나입니다. 흡수력 좋고 번들거리지 않습니다.,5,2020-08-10,나이아신아마이드,"['디', '오디너리', '제품', '중', '가', '성비', '좋은', '제품', '중', '하나', '입니다', '흡수', '력', '좋', '고번', '들', '거리', '지', '않습니다']"
235,디오디너리 제품중 가성비 좋은 제품중 하나입니다. 흡수력 좋고 번들거리지 않습니다.,5,2020-08-10,나이아신아마이드,"['디', '오디너리', '제품', '중', '가', '성비', '좋은', '제품', '중', '하나', '입니다', '흡수', '력', '좋', '고번', '들', '거리', '지', '않습니다']"
236,디오디너리 제품중 가성비 좋은 제품중 하나입니다. 흡수력 좋고 번들거리지 않습니다.,5,2020-08-10,나이아신아마이드,"['디', '오디너리', '제품', '중', '가', '성비', '좋은', '제품', '중', '하나', '입니다', '흡수', '력', '좋', '고번', '들', '거리', '지', '않습니다']"
237,디오디너리 제품중 가성비 좋은 제품중 하나입니다. 흡수력 좋고 번들거리지 않습니다.,5,2020-08-10,나이아신아마이드,"['디', '오디너리', '제품', '중', '가', '성비', '좋은', '제품', '중', '하나', '입니다', '흡수', '력', '좋', '고번', '들', '거리', '지', '않습니다']"
238,디오디너리 제품중 가성비 좋은 제품중 하나입니다. 흡수력 좋고 번들거리지 않습니다.,5,2020-08-10,나이아신아마이드,"['디', '오디너리', '제품', '중', '가', '성비', '좋은', '제품', '중', '하나', '입니다', '흡수', '력', '좋', '고번', '들', '거리', '지', '않습니다']"
239,디오디너리 나이아신아마이드 10%+징크 1% 30mL,3,2020-08-10,나이아신아마이드,"['디', '오디너리', '나이아신', '아마이드', '징', '크']"
240,디오디너리 제품중 가성비 좋은 제품중 하나입니다. 흡수력 좋고 번들거리지 않습니다.,5,2020-08-10,나이아신아마이드,"['디', '오디너리', '제품', '중', '가', '성비', '좋은', '제품', '중', '하나', '입니다', '흡수', '력', '좋', '고번', '들', '거리', '지', '않습니다']"
241,디오디너리 제품중 가성비 좋은 제품중 하나입니다. 흡수력 좋고 번들거리지 않습니다.,5,2020-08-10,나이아신아마이드,"['디', '오디너리', '제품', '중', '가', '성비', '좋은', '제품', '중', '하나', '입니다', '흡수', '력', '좋', '고번', '들', '거리', '지', '않습니다']"
242,디오디너리 제품중 가성비 좋은 제품중 하나입니다. 흡수력 좋고 번들거리지 않습니다.,5,2020-08-10,나이아신아마이드,"['디', '오디너리', '제품', '중', '가', '성비', '좋은', '제품', '중', '하나', '입니다', '흡수', '력', '좋', '고번', '들', '거리', '지', '않습니다']"
243,적극추천 합니다 배송이 빠릅니다,5,2020-08-12,나이아신아마이드,"['적극', '추천', '합니다', '배송', '이', '빠릅니다']"
244,"좋은 제품, 정말 저렴한 가격. 매우 빠른 배송. 나는 그것을 매우 좋아한다",5,2020-08-12,나이아신아마이드,"['좋은', '제품', '정말', '저렴한', '가격', '매우', '빠른', '배송', '나', '는', '그것', '을', '매우', '좋아한다']"
245,"좋은 제품, 정말 저렴한 가격. 매우 빠른 배송. 나는 그것을 매우 좋아한다",5,2020-08-12,나이아신아마이드,"['좋은', '제품', '정말', '저렴한', '가격', '매우', '빠른', '배송', '나', '는', '그것', '을', '매우', '좋아한다']"
246,딸래미가 아주 맘에 든데요,4,2020-08-12,나이아신아마이드,"['딸', '래미', '가', '아주', '맘', '에든', '데', '요']"
247,만족,5,2020-08-12,나이아신아마이드,['만족']
248,굳,5,2020-08-12,나이아신아마이드,['굳']
249,가격도 저렴하고 효과가 기대되네요...아직은 사용전이라...,5,2020-08-13,나이아신아마이드,"['가격', '도', '저렴하고', '효과', '가기', '대', '되네요', '아직', '은', '사용', '전이', '라']"
250,"초민감성 피부라 새로운 화장품 찾기 힘든데 ㅠ 아직 두번 발라봤지만 트러블은 없네요 그리고 뭐랄까 조금 발라도 고보습이네요. 뭔가 꾸덕하면서도 안 꾸덕한데,,,, 암튼 되게 좋아요! 효과가 많았으면 좋겟어요 ㅎㅎ",5,2020-08-14,나이아신아마이드,"['초', '민감', '성', '피부', '라', '새로운', '화장품', '찾기', '힘든데', '아직', '두', '번', '발라', '봤지만', '트러블', '은', '없네요', '그리고', '뭐랄까', '조금', '발라', '도고', '보습', '이네', '요', '뭔가', '꾸', '덕', '하', '면서', '도안', '꾸', '덕', '한', '데', '암튼', '되게', '좋아요', '효과', '가', '많았으면', '좋겟어요']"
251,배송비가 좀 비싸긴한데 제품자체는 대박 좋은듯,5,2020-08-14,나이아신아마이드,"['배송비', '가', '좀비', '싸긴한데', '제품', '자체', '는', '대박', '좋은', '듯']"
252,ㄷ오디너리 아주 좋아여 이거 써보고 좋은거 같아서 다른제품도 구매했음,5,2020-08-14,나이아신아마이드,"['오디너리', '아주', '좋아여', '이', '거', '써', '보고', '좋은', '거', '같아서', '다른', '제품', '도', '구매', '했음']"
253,좋아,3,2020-08-17,나이아신아마이드,['좋아']
254,"좋은 제품, 정말 저렴한 가격. 매우 빠른 배송. 나는 그것을 매우 좋아한다",5,2020-08-18,나이아신아마이드,"['좋은', '제품', '정말', '저렴한', '가격', '매우', '빠른', '배송', '나', '는', '그것', '을', '매우', '좋아한다']"
255,"좋은 제품, 정말 저렴한 가격. 매우 빠른 배송. 나는 그것을 매우 좋아한다",5,2020-08-18,나이아신아마이드,"['좋은', '제품', '정말', '저렴한', '가격', '매우', '빠른', '배송', '나', '는', '그것', '을', '매우', '좋아한다']"
256,만족합니다,5,2020-08-19,나이아신아마이드,['만족합니다']
257,잘받았습니다 만족합니다,4,2020-08-19,나이아신아마이드,"['잘', '받았습니다', '만족합니다']"
258,만족합니다,5,2020-08-19,나이아신아마이드,['만족합니다']
259,디오디너리 제품중 가성비 가장 좋은제품중 하나 입니다. 용량도 적당합니다.,5,2020-08-20,나이아신아마이드,"['디', '오디너리', '제품', '중', '가', '성비', '가장', '좋은', '제품', '중', '하나', '입니다', '용량', '도', '적당합니다']"
260,디오디너리 제품중 가성비 가장 좋은제품중 하나 입니다. 용량도 적당합니다.,5,2020-08-20,나이아신아마이드,"['디', '오디너리', '제품', '중', '가', '성비', '가장', '좋은', '제품', '중', '하나', '입니다', '용량', '도', '적당합니다']"
261,디오디너리 제품중 가성비 가장 좋은제품중 하나 입니다. 용량도 적당합니다.,5,2020-08-20,나이아신아마이드,"['디', '오디너리', '제품', '중', '가', '성비', '가장', '좋은', '제품', '중', '하나', '입니다', '용량', '도', '적당합니다']"
262,디오디너리 제품중 가성비 가장 좋은제품중 하나 입니다. 용량도 적당합니다.,5,2020-08-20,나이아신아마이드,"['디', '오디너리', '제품', '중', '가', '성비', '가장', '좋은', '제품', '중', '하나', '입니다', '용량', '도', '적당합니다']"
263,디오디너리 제품중 가성비 가장 좋은제품중 하나 입니다. 용량도 적당합니다.,5,2020-08-20,나이아신아마이드,"['디', '오디너리', '제품', '중', '가', '성비', '가장', '좋은', '제품', '중', '하나', '입니다', '용량', '도', '적당합니다']"
264,감사합니다,5,2020-08-24,나이아신아마이드,['감사합니다']
265,감사합니다,5,2020-08-24,나이아신아마이드,['감사합니다']
266,감사합니다,5,2020-08-24,나이아신아마이드,['감사합니다']
267,저렴해서 조아요.,3,2020-08-24,나이아신아마이드,"['저렴해서', '조아요']"
268,"제품은 좋아요, 다만 포장이 너무 과해 보입니다 비닐과 플라스틱 낭비가 많아요.",4,2020-08-26,나이아신아마이드,"['제품', '은', '좋아요', '다만', '포장', '이', '너', '무과', '해', '보입니다', '비닐', '과', '플라스틱', '낭비', '가', '많아요']"
269,"제품은 좋아요, 다만 포장이 너무 과해 보입니다 비닐과 플라스틱 낭비가 많아요.",4,2020-08-26,나이아신아마이드,"['제품', '은', '좋아요', '다만', '포장', '이', '너', '무과', '해', '보입니다', '비닐', '과', '플라스틱', '낭비', '가', '많아요']"
270,"제품은 좋아요, 다만 포장이 너무 과해 보입니다 비닐과 플라스틱 낭비가 많아요.",4,2020-08-26,나이아신아마이드,"['제품', '은', '좋아요', '다만', '포장', '이', '너', '무과', '해', '보입니다', '비닐', '과', '플라스틱', '낭비', '가', '많아요']"
271,"제품은 좋아요, 다만 포장이 너무 과해 보입니다 비닐과 플라스틱 낭비가 많아요.",4,2020-08-26,나이아신아마이드,"['제품', '은', '좋아요', '다만', '포장', '이', '너', '무과', '해', '보입니다', '비닐', '과', '플라스틱', '낭비', '가', '많아요']"
272,"제품은 좋아요, 다만 포장이 너무 과해 보입니다 비닐과 플라스틱 낭비가 많아요.",4,2020-08-26,나이아신아마이드,"['제품', '은', '좋아요', '다만', '포장', '이', '너', '무과', '해', '보입니다', '비닐', '과', '플라스틱', '낭비', '가', '많아요']"
273,"제품은 좋아요, 다만 포장이 너무 과해 보입니다 비닐과 플라스틱 낭비가 많아요.",4,2020-08-26,나이아신아마이드,"['제품', '은', '좋아요', '다만', '포장', '이', '너', '무과', '해', '보입니다', '비닐', '과', '플라스틱', '낭비', '가', '많아요']"
274,"제품은 좋아요, 다만 포장이 너무 과해 보입니다 비닐과 플라스틱 낭비가 많아요.",4,2020-08-26,나이아신아마이드,"['제품', '은', '좋아요', '다만', '포장', '이', '너', '무과', '해', '보입니다', '비닐', '과', '플라스틱', '낭비', '가', '많아요']"
275,"제품은 좋아요, 다만 포장이 너무 과해 보입니다 비닐과 플라스틱 낭비가 많아요.",4,2020-08-26,나이아신아마이드,"['제품', '은', '좋아요', '다만', '포장', '이', '너', '무과', '해', '보입니다', '비닐', '과', '플라스틱', '낭비', '가', '많아요']"
276,"좋은 제품, 정말 저렴한 가격. 매우 빠른 배송. 나는 그것을 매우 좋아한다",5,2020-08-28,나이아신아마이드,"['좋은', '제품', '정말', '저렴한', '가격', '매우', '빠른', '배송', '나', '는', '그것', '을', '매우', '좋아한다']"
277,좋아요,5,2020-08-28,나이아신아마이드,['좋아요']
278,"좋은 제품, 정말 저렴한 가격. 매우 빠른 배송. 나는 그것을 매우 좋아한다",5,2020-08-29,나이아신아마이드,"['좋은', '제품', '정말', '저렴한', '가격', '매우', '빠른', '배송', '나', '는', '그것', '을', '매우', '좋아한다']"
279,"좋은 제품, 정말 저렴한 가격. 매우 빠른 배송. 나는 그것을 매우 좋아한다",5,2020-08-29,나이아신아마이드,"['좋은', '제품', '정말', '저렴한', '가격', '매우', '빠른', '배송', '나', '는', '그것', '을', '매우', '좋아한다']"
280,"좋은 제품, 정말 저렴한 가격. 매우 빠른 배송. 나는 그것을 매우 좋아한다",5,2020-08-29,나이아신아마이드,"['좋은', '제품', '정말', '저렴한', '가격', '매우', '빠른', '배송', '나', '는', '그것', '을', '매우', '좋아한다']"
281,"좋은 제품, 정말 저렴한 가격. 매우 빠른 배송. 나는 그것을 매우 좋아한다",5,2020-08-29,나이아신아마이드,"['좋은', '제품', '정말', '저렴한', '가격', '매우', '빠른', '배송', '나', '는', '그것', '을', '매우', '좋아한다']"
282,"좋은 제품, 정말 저렴한 가격. 매우 빠른 배송. 나는 그것을 매우 좋아한다",5,2020-08-29,나이아신아마이드,"['좋은', '제품', '정말', '저렴한', '가격', '매우', '빠른', '배송', '나', '는', '그것', '을', '매우', '좋아한다']"
283,"좋은 제품, 정말 저렴한 가격. 매우 빠른 배송. 나는 그것을 매우 좋아한다",5,2020-08-29,나이아신아마이드,"['좋은', '제품', '정말', '저렴한', '가격', '매우', '빠른', '배송', '나', '는', '그것', '을', '매우', '좋아한다']"
284,"좋은 제품, 정말 저렴한 가격. 매우 빠른 배송. 나는 그것을 매우 좋아한다",5,2020-08-29,나이아신아마이드,"['좋은', '제품', '정말', '저렴한', '가격', '매우', '빠른', '배송', '나', '는', '그것', '을', '매우', '좋아한다']"
285,"좋은 제품, 정말 저렴한 가격. 매우 빠른 배송. 나는 그것을 매우 좋아한다",5,2020-08-29,나이아신아마이드,"['좋은', '제품', '정말', '저렴한', '가격', '매우', '빠른', '배송', '나', '는', '그것', '을', '매우', '좋아한다']"
286,"좋은 제품, 정말 저렴한 가격. 매우 빠른 배송. 나는 그것을 매우 좋아한다",5,2020-08-29,나이아신아마이드,"['좋은', '제품', '정말', '저렴한', '가격', '매우', '빠른', '배송', '나', '는', '그것', '을', '매우', '좋아한다']"
287,"좋은 제품, 정말 저렴한 가격. 매우 빠른 배송. 나는 그것을 매우 좋아한다",5,2020-08-29,나이아신아마이드,"['좋은', '제품', '정말', '저렴한', '가격', '매우', '빠른', '배송', '나', '는', '그것', '을', '매우', '좋아한다']"
288,잘쓰겠습니다,5,2020-08-31,나이아신아마이드,['잘쓰겠습니다']
289,배송빠르고 상품도 만족,5,2020-08-31,나이아신아마이드,"['배송', '빠르고', '상품', '도', '만족']"
290,배송빠르고 상품도 만족,5,2020-08-31,나이아신아마이드,"['배송', '빠르고', '상품', '도', '만족']"
291,효과는 계속 써봐야 알거같아요. 발림성이좋고 향도 없어 정직한느낌?이 좋았구요.지속사용시 뭔가 효과있을듯해요.,5,2020-08-31,나이아신아마이드,"['효과', '는', '계속', '써', '봐야', '알거', '같아요', '발림', '성', '이', '좋', '고향', '도', '없어', '정직한', '느낌', '이', '좋았구요', '지속', '사용', '시', '뭔가', '효과', '있을듯', '해', '요']"
292,써보기전인데 호과가 있음 좋겠어요,5,2020-08-31,나이아신아마이드,"['써', '보기전인데', '호', '과', '가있음', '좋겠어요']"
293,배송빠르고 상품만족,5,2020-08-31,나이아신아마이드,"['배송', '빠르고', '상품', '만족']"
294,디오디너리 제품 좋아요 늘 재구매 해서 쓰고 있습니다.,5,2020-08-31,나이아신아마이드,"['디', '오디너리', '제품', '좋아요', '늘', '재구매', '해서', '쓰고있습니다']"
295,디오디너리 제품 좋아요 늘 재구매 해서 쓰고 있습니다.,5,2020-08-31,나이아신아마이드,"['디', '오디너리', '제품', '좋아요', '늘', '재구매', '해서', '쓰고있습니다']"
296,만족입니다,5,2020-08-31,나이아신아마이드,"['만족', '입니다']"
297,디오디너리 제품 좋아요 늘 재구매 해서 쓰고 있습니다.,5,2020-08-31,나이아신아마이드,"['디', '오디너리', '제품', '좋아요', '늘', '재구매', '해서', '쓰고있습니다']"
298,디오디너리 제품 좋아요 늘 재구매 해서 쓰고 있습니다.,5,2020-08-31,나이아신아마이드,"['디', '오디너리', '제품', '좋아요', '늘', '재구매', '해서', '쓰고있습니다']"
299,디오디너리 제품 좋아요 늘 재구매 해서 쓰고 있습니다.,5,2020-08-31,나이아신아마이드,"['디', '오디너리', '제품', '좋아요', '늘', '재구매', '해서', '쓰고있습니다']"
300,근적거려서 글고 흡수도 잘안되네여,1,2020-09-01,나이아신아마이드,"['근', '적거려', '서', '글', '고', '흡수', '도', '잘안되', '네', '여']"
301,나이아신아마이드 징크,5,2020-09-02,나이아신아마이드,"['나이아신', '아마이드', '징', '크']"
302,아직 사용전인데 사용해보고 좋으면 재구매하겠습니다.,4,2020-09-02,나이아신아마이드,"['아직', '사용', '전', '인데', '사용', '해보고', '좋으면', '재구매', '하겠습니다']"
303,저렴하게 잘구매하였습니다 배송도 빠릅니다,5,2020-09-04,나이아신아마이드,"['저렴하게잘', '구매', '하였습니다', '배송', '도', '빠릅니다']"
304,배송도 빠르고 무엇보다 다른곳에서 파는 가격보다 너무 싸게 사서 후다닥 주문햇어요ㅋ주름과 당김성을 생각해야할 나이다보니 성분을 보게되네요 꾸준히 사용해봐야겟어요 좋은가격에 득템해서 조아요ㅋ,5,2020-09-05,나이아신아마이드,"['배송', '도', '빠르고', '무엇', '보다', '다른', '곳', '에서', '파는', '가격', '보다', '너무', '싸게사', '서후', '다', '닥', '주문', '햇', '어', '요', '주름', '과당', '김성', '을', '생각', '해야', '할나이다', '보니', '성분', '을', '보게되', '네', '요', '꾸준히', '사용', '해봐야겟어요', '좋은', '가격', '에', '득템', '해서', '조아요']"
305,Okaaaaay.............,5,2020-09-07,나이아신아마이드,[]
306,좋아요~,4,2020-09-08,나이아신아마이드,['좋아요']
307,좋아요~,4,2020-09-08,나이아신아마이드,['좋아요']
308,좋아요~~,5,2020-09-09,나이아신아마이드,['좋아요']
309,좋아요~~,5,2020-09-09,나이아신아마이드,['좋아요']
310,좋아요~~,5,2020-09-09,나이아신아마이드,['좋아요']
311,좋아요~~,5,2020-09-09,나이아신아마이드,['좋아요']
312,잘쓸게요 수고하세요,4,2020-09-09,나이아신아마이드,"['잘쓸게요', '수고', '하세요']"
313,잘쓸게요 수고하세요,4,2020-09-09,나이아신아마이드,"['잘쓸게요', '수고', '하세요']"
314,잘쓸게요 수고하세요,4,2020-09-09,나이아신아마이드,"['잘쓸게요', '수고', '하세요']"
315,기분탓일까요? 쪼금 얼굴이 희어진것 같...,4,2020-09-11,나이아신아마이드,"['기분', '탓', '일까', '요쪼금', '얼굴', '이희', '어진', '것', '같']"
316,"좋은 제품, 정말 저렴한 가격. 매우 빠른 배송. 나는 그것을 매우 좋아한다",5,2020-09-11,나이아신아마이드,"['좋은', '제품', '정말', '저렴한', '가격', '매우', '빠른', '배송', '나', '는', '그것', '을', '매우', '좋아한다']"
317,"좋은 제품, 정말 저렴한 가격. 매우 빠른 배송. 나는 그것을 매우 좋아한다",5,2020-09-11,나이아신아마이드,"['좋은', '제품', '정말', '저렴한', '가격', '매우', '빠른', '배송', '나', '는', '그것', '을', '매우', '좋아한다']"
318,"좋은 제품, 정말 저렴한 가격. 매우 빠른 배송. 나는 그것을 매우 좋아한다",5,2020-09-11,나이아신아마이드,"['좋은', '제품', '정말', '저렴한', '가격', '매우', '빠른', '배송', '나', '는', '그것', '을', '매우', '좋아한다']"
319,좋아요 재구매의양있음,5,2020-09-13,나이아신아마이드,"['좋아요', '재구매', '의', '양', '있음']"
320,디오디너리 제품중 가성비 좋은 제품중 하나입니다. 쟁여두고 잘 쓰고 있습니다.,5,2020-09-13,나이아신아마이드,"['디', '오디너리', '제품', '중', '가', '성비', '좋은', '제품', '중', '하나', '입니다', '쟁', '여', '두고', '잘쓰고있습니다']"
321,디오디너리 제품중 가성비 좋은 제품중 하나입니다. 쟁여두고 잘 쓰고 있습니다.,5,2020-09-13,나이아신아마이드,"['디', '오디너리', '제품', '중', '가', '성비', '좋은', '제품', '중', '하나', '입니다', '쟁', '여', '두고', '잘쓰고있습니다']"
322,디오디너리 제품중 가성비 좋은 제품중 하나입니다. 쟁여두고 잘 쓰고 있습니다.,5,2020-09-13,나이아신아마이드,"['디', '오디너리', '제품', '중', '가', '성비', '좋은', '제품', '중', '하나', '입니다', '쟁', '여', '두고', '잘쓰고있습니다']"
323,디오디너리 제품중 가성비 좋은 제품중 하나입니다. 쟁여두고 잘 쓰고 있습니다.,5,2020-09-13,나이아신아마이드,"['디', '오디너리', '제품', '중', '가', '성비', '좋은', '제품', '중', '하나', '입니다', '쟁', '여', '두고', '잘쓰고있습니다']"
324,디오디너리 제품중 가성비 좋은 제품중 하나입니다. 쟁여두고 잘 쓰고 있습니다.,5,2020-09-13,나이아신아마이드,"['디', '오디너리', '제품', '중', '가', '성비', '좋은', '제품', '중', '하나', '입니다', '쟁', '여', '두고', '잘쓰고있습니다']"
325,좋아요,5,2020-09-15,나이아신아마이드,['좋아요']
326,좋아요,5,2020-09-15,나이아신아마이드,['좋아요']
327,감사합니다 잘쓸게요 ㅎㅎ,4,2020-09-17,나이아신아마이드,"['감사합니다', '잘쓸게요']"
328,감사합니다 잘쓸게요 ㅎㅎ,4,2020-09-17,나이아신아마이드,"['감사합니다', '잘쓸게요']"
329,좋은상품 입니다 감사합니다,5,2020-09-19,나이아신아마이드,"['좋은', '상품', '입니다', '감사합니다']"
330,배송 빠르고 잘 쓸게요,5,2020-09-21,나이아신아마이드,"['배송', '빠르고', '잘쓸게요']"
331,가격대비 만족합니다,5,2020-09-23,나이아신아마이드,"['가격', '대비', '만족합니다']"
332,가격대비 만족합니다,5,2020-09-23,나이아신아마이드,"['가격', '대비', '만족합니다']"
333,조금 따끔거리는데 평상시 사용하기에는 만족합니다,4,2020-09-24,나이아신아마이드,"['조금', '따끔', '거리', '는', '데', '평상시', '사용', '하기에는', '만족합니다']"
334,좋아요,5,2020-10-03,나이아신아마이드,['좋아요']
335,첫째날 쓰고,4,2020-10-06,나이아신아마이드,"['첫째', '날', '쓰고']"
336,저렴하게 삿어요,4,2020-10-06,나이아신아마이드,"['저렴하게', '삿', '어', '요']"
337,디오디너리 제품 좋습니다. 가성비 최고이지요.,5,2020-10-07,나이아신아마이드,"['디', '오디너리', '제품', '좋습니다', '가성', '비', '최고', '이지', '요']"
338,디오디너리 제품 좋습니다. 가성비 최고이지요.,5,2020-10-07,나이아신아마이드,"['디', '오디너리', '제품', '좋습니다', '가성', '비', '최고', '이지', '요']"
339,디오디너리 제품 좋습니다. 가성비 최고이지요.,5,2020-10-07,나이아신아마이드,"['디', '오디너리', '제품', '좋습니다', '가성', '비', '최고', '이지', '요']"
340,피부가 촉축하고 하얘진 느낌입니다,5,2020-10-07,나이아신아마이드,"['피부', '가', '촉', '축하', '고', '하얘진', '느낌', '입니다']"
341,디오디너리 제품 좋습니다. 가성비 최고이지요.,5,2020-10-07,나이아신아마이드,"['디', '오디너리', '제품', '좋습니다', '가성', '비', '최고', '이지', '요']"
342,디오디너리 제품 좋습니다. 가성비 최고이지요.,5,2020-10-07,나이아신아마이드,"['디', '오디너리', '제품', '좋습니다', '가성', '비', '최고', '이지', '요']"
343,만족합니다,5,2020-10-08,나이아신아마이드,['만족합니다']
344,저렴한 가격에 좋아요~~,5,2020-10-10,나이아신아마이드,"['저렴한', '가격', '에', '좋아요']"
345,배송하나는 정말 최악이네요,2,2020-10-13,나이아신아마이드,"['배송', '하나', '는', '정말', '최악', '이네', '요']"
346,"좋은 제품, 정말 저렴한 가격. 매우 빠른 배송. 나는 그것을 매우 좋아한다",5,2020-10-15,나이아신아마이드,"['좋은', '제품', '정말', '저렴한', '가격', '매우', '빠른', '배송', '나', '는', '그것', '을', '매우', '좋아한다']"
347,디오디너리 상품 좋아요. 늘 쟁여두고 잘 쓰고 있습니다.,5,2020-10-18,나이아신아마이드,"['디', '오디너리', '상품', '좋아요', '늘쟁', '여', '두고', '잘쓰고있습니다']"
348,디오디너리 상품 좋아요. 늘 쟁여두고 잘 쓰고 있습니다.,5,2020-10-18,나이아신아마이드,"['디', '오디너리', '상품', '좋아요', '늘쟁', '여', '두고', '잘쓰고있습니다']"
349,디오디너리 상품 좋아요. 늘 쟁여두고 잘 쓰고 있습니다.,5,2020-10-18,나이아신아마이드,"['디', '오디너리', '상품', '좋아요', '늘쟁', '여', '두고', '잘쓰고있습니다']"
350,디오디너리 상품 좋아요. 늘 쟁여두고 잘 쓰고 있습니다.,5,2020-10-18,나이아신아마이드,"['디', '오디너리', '상품', '좋아요', '늘쟁', '여', '두고', '잘쓰고있습니다']"
351,디오디너리 상품 좋아요. 늘 쟁여두고 잘 쓰고 있습니다.,5,2020-10-18,나이아신아마이드,"['디', '오디너리', '상품', '좋아요', '늘쟁', '여', '두고', '잘쓰고있습니다']"
352,감사합니다,2,2020-10-20,나이아신아마이드,['감사합니다']
353,감사합니다,3,2020-10-20,나이아신아마이드,['감사합니다']
354,감사합니다,3,2020-10-20,나이아신아마이드,['감사합니다']
355,"좋은 제품, 정말 저렴한 가격. 매우 빠른 배송. 나는 그것을 매우 좋아한다",5,2020-10-21,나이아신아마이드,"['좋은', '제품', '정말', '저렴한', '가격', '매우', '빠른', '배송', '나', '는', '그것', '을', '매우', '좋아한다']"
356,좋아요 그냥 좋타고 하내요 ㅎㅎ,5,2020-10-22,나이아신아마이드,"['좋아요', '그냥', '좋', '타고하내요']"
357,잘사용할께요,5,2020-10-23,나이아신아마이드,"['잘사', '용할께요']"
358,만족합니다. 잘사용하고 또주문하려구요,5,2020-10-23,나이아신아마이드,"['만족합니다잘', '사용', '하고', '또', '주문', '하려구요']"
359,추천받아 구매했는데 저렴한 가격은 맘에 들만 효과는 아직 모르겠습니다.,4,2020-10-24,나이아신아마이드,"['추천', '받아', '구매', '했는데', '저렴한', '가격', '은', '맘', '에', '들만', '효과', '는', '아직', '모르겠습니다']"
360,배송빠르고좋네요 만족,5,2020-10-26,나이아신아마이드,"['배송', '빠르고', '좋네요', '만족']"
361,빨리왔어요 잘 쓰고있어요,5,2020-10-26,나이아신아마이드,"['빨리', '왔어요', '잘쓰고있어요']"
362,좋습니다 디오디너리~,5,2020-10-26,나이아신아마이드,"['좋습니다', '디', '오디너리']"
363,좋습니다 배송도 빠르고 만족합니다 제품좋아요!,5,2020-10-26,나이아신아마이드,"['좋습니다', '배송', '도', '빠르고', '만족합니다', '제품', '좋아요']"
364,"좋은 제품, 정말 저렴한 가격. 매우 빠른 배송. 나는 그것을 매우 좋아한다",5,2020-10-27,나이아신아마이드,"['좋은', '제품', '정말', '저렴한', '가격', '매우', '빠른', '배송', '나', '는', '그것', '을', '매우', '좋아한다']"
365,"좋은 제품, 정말 저렴한 가격. 매우 빠른 배송. 나는 그것을 매우 좋아한다",5,2020-10-27,나이아신아마이드,"['좋은', '제품', '정말', '저렴한', '가격', '매우', '빠른', '배송', '나', '는', '그것', '을', '매우', '좋아한다']"
366,"좋은 제품, 정말 저렴한 가격. 매우 빠른 배송. 나는 그것을 매우 좋아한다",5,2020-10-27,나이아신아마이드,"['좋은', '제품', '정말', '저렴한', '가격', '매우', '빠른', '배송', '나', '는', '그것', '을', '매우', '좋아한다']"
367,"좋은 제품, 정말 저렴한 가격. 매우 빠른 배송. 나는 그것을 매우 좋아한다",5,2020-10-27,나이아신아마이드,"['좋은', '제품', '정말', '저렴한', '가격', '매우', '빠른', '배송', '나', '는', '그것', '을', '매우', '좋아한다']"
368,"좋은 제품, 정말 저렴한 가격. 매우 빠른 배송. 나는 그것을 매우 좋아한다",5,2020-10-27,나이아신아마이드,"['좋은', '제품', '정말', '저렴한', '가격', '매우', '빠른', '배송', '나', '는', '그것', '을', '매우', '좋아한다']"
369,"좋은 제품, 정말 저렴한 가격. 매우 빠른 배송. 나는 그것을 매우 좋아한다",5,2020-10-27,나이아신아마이드,"['좋은', '제품', '정말', '저렴한', '가격', '매우', '빠른', '배송', '나', '는', '그것', '을', '매우', '좋아한다']"
370,가성비 좋은 디오디너리 제품 늘 쟁여두고 쓰고 있습니다.,5,2020-11-03,나이아신아마이드,"['가성', '비', '좋은', '디', '오디너리', '제품', '늘쟁', '여', '두고', '쓰고있습니다']"
371,가성비 좋은 디오디너리 제품 늘 쟁여두고 쓰고 있습니다.,5,2020-11-03,나이아신아마이드,"['가성', '비', '좋은', '디', '오디너리', '제품', '늘쟁', '여', '두고', '쓰고있습니다']"
372,가성비 좋은 디오디너리 제품 늘 쟁여두고 쓰고 있습니다.,5,2020-11-03,나이아신아마이드,"['가성', '비', '좋은', '디', '오디너리', '제품', '늘쟁', '여', '두고', '쓰고있습니다']"
373,가성비 좋은 디오디너리 제품 늘 쟁여두고 쓰고 있습니다.,5,2020-11-03,나이아신아마이드,"['가성', '비', '좋은', '디', '오디너리', '제품', '늘쟁', '여', '두고', '쓰고있습니다']"
374,가성비 좋은 디오디너리 제품 늘 쟁여두고 쓰고 있습니다.,5,2020-11-03,나이아신아마이드,"['가성', '비', '좋은', '디', '오디너리', '제품', '늘쟁', '여', '두고', '쓰고있습니다']"
375,여드름 피부에 좋아요,5,2020-11-05,나이아신아마이드,"['여드름', '피부', '에', '좋아요']"
376,두번째 구매입니다.밝아지는거 같아요.계속 쓸거 같아요,5,2020-11-06,나이아신아마이드,"['두번째', '구매', '입니다', '밝아지는거', '같아요', '계속', '쓸거', '같아요']"
377,가성비 최고의 늘 쟁여두고 쓰고 있는 화장품 입니다.,5,2020-11-11,나이아신아마이드,"['가성', '비', '최고', '의', '늘쟁', '여', '두고', '쓰고있는', '화장품', '입니다']"
378,가성비 최고의 늘 쟁여두고 쓰고 있는 화장품 입니다.,5,2020-11-11,나이아신아마이드,"['가성', '비', '최고', '의', '늘쟁', '여', '두고', '쓰고있는', '화장품', '입니다']"
379,좋아요,4,2020-11-11,나이아신아마이드,['좋아요']
380,"처음 사봤는데, 가격 대비 용량은 다른 화장품들보다 훨씬 좋으나, 바른 후에는 꼭 보습크림을 발라줘야 함.,",4,2020-11-11,나이아신아마이드,"['처음', '사봤는데', '가격', '대비', '용량', '은', '다른', '화장품', '들', '보다', '훨씬', '좋으나', '바른', '후', '에는', '꼭', '보습', '크림', '을', '발라줘', '야함']"
381,가성비 최고의 늘 쟁여두고 쓰고 있는 화장품 입니다.,5,2020-11-11,나이아신아마이드,"['가성', '비', '최고', '의', '늘쟁', '여', '두고', '쓰고있는', '화장품', '입니다']"
382,가성비 최고의 늘 쟁여두고 쓰고 있는 화장품 입니다.,5,2020-11-11,나이아신아마이드,"['가성', '비', '최고', '의', '늘쟁', '여', '두고', '쓰고있는', '화장품', '입니다']"
383,가성비 최고의 늘 쟁여두고 쓰고 있는 화장품 입니다.,5,2020-11-11,나이아신아마이드,"['가성', '비', '최고', '의', '늘쟁', '여', '두고', '쓰고있는', '화장품', '입니다']"
384,여드름에 정말 효과가 좋네요 의약품 같은 느낌이 납니다.,5,2020-11-12,나이아신아마이드,"['여드름', '에', '정말', '효과', '가', '좋네요', '의약품', '같은', '느낌', '이납', '니', '다']"
385,여드름에는 정말 탁월한 효과가 있는듯 합니다. 깔끔하구요.,5,2020-11-12,나이아신아마이드,"['여드름', '에는', '정말', '탁월한', '효과', '가', '있는듯', '합니다', '깔끔하구요']"
386,여드름에 정말 효과가 좋네요 의약품 같은 느낌이 납니다.,5,2020-11-12,나이아신아마이드,"['여드름', '에', '정말', '효과', '가', '좋네요', '의약품', '같은', '느낌', '이납', '니', '다']"
387,여드름에 정말 효과가 좋네요 의약품 같은 느낌이 납니다.,5,2020-11-12,나이아신아마이드,"['여드름', '에', '정말', '효과', '가', '좋네요', '의약품', '같은', '느낌', '이납', '니', '다']"
388,여드름에 정말 효과가 좋네요 의약품 같은 느낌이 납니다.,5,2020-11-12,나이아신아마이드,"['여드름', '에', '정말', '효과', '가', '좋네요', '의약품', '같은', '느낌', '이납', '니', '다']"
389,아직 안써봤어요,1,2020-11-21,나이아신아마이드,"['아직', '안', '써', '봤어요']"
390,추천받아서 사봤어요 피부결이 개선되면 좋겠어요,4,2020-11-23,나이아신아마이드,"['추천', '받아서', '사봤어요', '피부', '결', '이', '개선', '되면', '좋겠어요']"
391,가볍게 바르기 좋아요,4,2020-11-26,나이아신아마이드,"['가볍게', '바르기', '좋아요']"
392,가볍게 바르기 좋아요,4,2020-11-26,나이아신아마이드,"['가볍게', '바르기', '좋아요']"
393,좋아요 흡수력좋아요,4,2020-11-26,나이아신아마이드,"['좋아요', '흡수', '력', '좋아요']"
394,성분이 좋다고 소문나서 샀어요산뜻하게 발리는 베이스에요 가을겨울에는 추가로 발라주셔야해요,4,2020-11-27,나이아신아마이드,"['성분', '이', '좋다고', '소문나서', '샀어요', '산뜻하게', '발리는', '베이스', '에요', '가을', '겨울', '에는', '추가', '로', '발라주셔', '야해요']"
395,"좋은 제품, 정말 저렴한 가격. 매우 빠른 배송. 나는 그것을 매우 좋아한다",5,2020-11-27,나이아신아마이드,"['좋은', '제품', '정말', '저렴한', '가격', '매우', '빠른', '배송', '나', '는', '그것', '을', '매우', '좋아한다']"
396,성분이 좋다고 소문나서 샀어요산뜻하게 발리는 베이스에요 가을겨울에는 추가로 발라주셔야해요,4,2020-11-27,나이아신아마이드,"['성분', '이', '좋다고', '소문나서', '샀어요', '산뜻하게', '발리는', '베이스', '에요', '가을', '겨울', '에는', '추가', '로', '발라주셔', '야해요']"
397,"ㅈㅗㅎㅇㅡㄴ ㅈㅔㅍㅜㅁ, ㅈㅓㅇㅁㅏㄹ ㅈㅓㄹㅕㅁㅎㅏㄴ ㄱㅏㄱㅕㄱ. ㅁㅐㅇㅜ ㅃㅏㄹㅡㄴ ㅂㅐㅅㅗㅇ. ㄴㅏㄴㅡㄴ ㄱㅡㄱㅓㅅㅇㅡㄹ ㅁㅐㅇㅜ ㅈㅗㅎㅇㅏㅎㅏㄴㄷㅏ",5,2020-11-27,나이아신아마이드,[]
398,Really love this product,5,2020-11-27,나이아신아마이드,[]
399,"ㅈㅗㅎㅇㅡㄴ ㅈㅔㅍㅜㅁ, ㅈㅓㅇㅁㅏㄹ ㅈㅓㄹㅕㅁㅎㅏㄴ ㄱㅏㄱㅕㄱ. ㅁㅐㅇㅜ ㅃㅏㄹㅡㄴ ㅂㅐㅅㅗㅇ. ㄴㅏㄴㅡㄴ ㄱㅡㄱㅓㅅㅇㅡㄹ ㅁㅐㅇㅜ ㅈㅗㅎㅇㅏㅎㅏㄴㄷㅏ",5,2020-11-27,나이아신아마이드,[]
400,"ㅈㅗㅎㅇㅡㄴ ㅈㅔㅍㅜㅁ, ㅈㅓㅇㅁㅏㄹ ㅈㅓㄹㅕㅁㅎㅏㄴ ㄱㅏㄱㅕㄱ. ㅁㅐㅇㅜ ㅃㅏㄹㅡㄴ ㅂㅐㅅㅗㅇ. ㄴㅏㄴㅡㄴ ㄱㅡㄱㅓㅅㅇㅡㄹ ㅁㅐㅇㅜ ㅈㅗㅎㅇㅏㅎㅏㄴㄷㅏ",5,2020-11-27,나이아신아마이드,[]
401,"좋은 제품, 정말 저렴한 가격. 매우 빠른 배송. 나는 그것을 매우 좋아한다",5,2020-11-27,나이아신아마이드,"['좋은', '제품', '정말', '저렴한', '가격', '매우', '빠른', '배송', '나', '는', '그것', '을', '매우', '좋아한다']"
402,바르고 피부 뒤집어짐 완전 건조하게 얇아지는 느낌피부가 한꺼풀 벗겨진 기분 ㅠㅠ,1,2020-11-30,나이아신아마이드,"['바르고', '피부', '뒤집어짐', '완전', '건조하게', '얇아지는', '느낌', '피부', '가한', '꺼풀', '벗겨진', '기분']"
403,배송빠르고 좋아요 만족해요!,5,2020-12-11,나이아신아마이드,"['배송', '빠르고', '좋아요', '만족해요']"
404,사용해보는 중이요ㅎㅎ,4,2020-12-12,나이아신아마이드,"['사용', '해보는', '중이', '요']"
405,"ㅈㅗㅎㅇㅡㄴ ㅈㅔㅍㅜㅁ, ㅈㅓㅇㅁㅏㄹ ㅈㅓㄹㅕㅁㅎㅏㄴ ㄱㅏㄱㅕㄱ. ㅁㅐㅇㅜ ㅃㅏㄹㅡㄴ ㅂㅐㅅㅗㅇ. ㄴㅏㄴㅡㄴ ㄱㅡㄱㅓㅅㅇㅡㄹ ㅁㅐㅇㅜ ㅈㅗㅎㅇㅏㅎㅏㄴㄷㅏ",5,2020-12-16,나이아신아마이드,[]
406,"ㅈㅗㅎㅇㅡㄴ ㅈㅔㅍㅜㅁ, ㅈㅓㅇㅁㅏㄹ ㅈㅓㄹㅕㅁㅎㅏㄴ ㄱㅏㄱㅕㄱ. ㅁㅐㅇㅜ ㅃㅏㄹㅡㄴ ㅂㅐㅅㅗㅇ. ㄴㅏㄴㅡㄴ ㄱㅡㄱㅓㅅㅇㅡㄹ ㅁㅐㅇㅜ ㅈㅗㅎㅇㅏㅎㅏㄴㄷㅏ",5,2020-12-16,나이아신아마이드,[]
407,"ㅈㅗㅎㅇㅡㄴ ㅈㅔㅍㅜㅁ, ㅈㅓㅇㅁㅏㄹ ㅈㅓㄹㅕㅁㅎㅏㄴ ㄱㅏㄱㅕㄱ. ㅁㅐㅇㅜ ㅃㅏㄹㅡㄴ ㅂㅐㅅㅗㅇ. ㄴㅏㄴㅡㄴ ㄱㅡㄱㅓㅅㅇㅡㄹ ㅁㅐㅇㅜ ㅈㅗㅎㅇㅏㅎㅏㄴㄷㅏ",5,2020-12-16,나이아신아마이드,[]
408,"ㅈㅗㅎㅇㅡㄴ ㅈㅔㅍㅜㅁ, ㅈㅓㅇㅁㅏㄹ ㅈㅓㄹㅕㅁㅎㅏㄴ ㄱㅏㄱㅕㄱ. ㅁㅐㅇㅜ ㅃㅏㄹㅡㄴ ㅂㅐㅅㅗㅇ. ㄴㅏㄴㅡㄴ ㄱㅡㄱㅓㅅㅇㅡㄹ ㅁㅐㅇㅜ ㅈㅗㅎㅇㅏㅎㅏㄴㄷㅏ",5,2020-12-16,나이아신아마이드,[]
409,"ㅈㅗㅎㅇㅡㄴ ㅈㅔㅍㅜㅁ, ㅈㅓㅇㅁㅏㄹ ㅈㅓㄹㅕㅁㅎㅏㄴ ㄱㅏㄱㅕㄱ. ㅁㅐㅇㅜ ㅃㅏㄹㅡㄴ ㅂㅐㅅㅗㅇ. ㄴㅏㄴㅡㄴ ㄱㅡㄱㅓㅅㅇㅡㄹ ㅁㅐㅇㅜ ㅈㅗㅎㅇㅏㅎㅏㄴㄷㅏ",5,2020-12-16,나이아신아마이드,[]
410,"ㅈㅗㅎㅇㅡㄴ ㅈㅔㅍㅜㅁ, ㅈㅓㅇㅁㅏㄹ ㅈㅓㄹㅕㅁㅎㅏㄴ ㄱㅏㄱㅕㄱ. ㅁㅐㅇㅜ ㅃㅏㄹㅡㄴ ㅂㅐㅅㅗㅇ. ㄴㅏㄴㅡㄴ ㄱㅡㄱㅓㅅㅇㅡㄹ ㅁㅐㅇㅜ ㅈㅗㅎㅇㅏㅎㅏㄴㄷㅏ",5,2020-12-16,나이아신아마이드,[]
411,"ㅈㅗㅎㅇㅡㄴ ㅈㅔㅍㅜㅁ, ㅈㅓㅇㅁㅏㄹ ㅈㅓㄹㅕㅁㅎㅏㄴ ㄱㅏㄱㅕㄱ. ㅁㅐㅇㅜ ㅃㅏㄹㅡㄴ ㅂㅐㅅㅗㅇ. ㄴㅏㄴㅡㄴ ㄱㅡㄱㅓㅅㅇㅡㄹ ㅁㅐㅇㅜ ㅈㅗㅎㅇㅏㅎㅏㄴㄷㅏ",5,2020-12-19,나이아신아마이드,[]
412,"ㅈㅗㅎㅇㅡㄴ ㅈㅔㅍㅜㅁ, ㅈㅓㅇㅁㅏㄹ ㅈㅓㄹㅕㅁㅎㅏㄴ ㄱㅏㄱㅕㄱ. ㅁㅐㅇㅜ ㅃㅏㄹㅡㄴ ㅂㅐㅅㅗㅇ. ㄴㅏㄴㅡㄴ ㄱㅡㄱㅓㅅㅇㅡㄹ ㅁㅐㅇㅜ ㅈㅗㅎㅇㅏㅎㅏㄴㄷㅏ",5,2020-12-19,나이아신아마이드,[]
413,"ㅈㅗㅎㅇㅡㄴ ㅈㅔㅍㅜㅁ, ㅈㅓㅇㅁㅏㄹ ㅈㅓㄹㅕㅁㅎㅏㄴ ㄱㅏㄱㅕㄱ. ㅁㅐㅇㅜ ㅃㅏㄹㅡㄴ ㅂㅐㅅㅗㅇ. ㄴㅏㄴㅡㄴ ㄱㅡㄱㅓㅅㅇㅡㄹ ㅁㅐㅇㅜ ㅈㅗㅎㅇㅏㅎㅏㄴㄷㅏ",5,2020-12-19,나이아신아마이드,[]
414,"ㅈㅗㅎㅇㅡㄴ ㅈㅔㅍㅜㅁ, ㅈㅓㅇㅁㅏㄹ ㅈㅓㄹㅕㅁㅎㅏㄴ ㄱㅏㄱㅕㄱ. ㅁㅐㅇㅜ ㅃㅏㄹㅡㄴ ㅂㅐㅅㅗㅇ. ㄴㅏㄴㅡㄴ ㄱㅡㄱㅓㅅㅇㅡㄹ ㅁㅐㅇㅜ ㅈㅗㅎㅇㅏㅎㅏㄴㄷㅏ",5,2020-12-19,나이아신아마이드,[]
415,"ㅈㅗㅎㅇㅡㄴ ㅈㅔㅍㅜㅁ, ㅈㅓㅇㅁㅏㄹ ㅈㅓㄹㅕㅁㅎㅏㄴ ㄱㅏㄱㅕㄱ. ㄱㅡㄱㅓㅅㅇㅡㄹ ㅁㅐㅇㅜ ㅈㅗㅎㅇㅏㅎㅏㄴㄷㅏ",5,2020-12-19,나이아신아마이드,[]
416,"ㅈㅗㅎㅇㅡㄴ ㅈㅔㅍㅜㅁ, ㅈㅓㅇㅁㅏㄹ ㅈㅓㄹㅕㅁㅎㅏㄴ ㄱㅏㄱㅕㄱ. ㅁㅐㅇㅜ ㅃㅏㄹㅡㄴ ㅂㅐㅅㅗㅇ. ㄴㅏㄴㅡㄴ ㄱㅡㄱㅓㅅㅇㅡㄹ ㅁㅐㅇㅜ ㅈㅗㅎㅇㅏㅎㅏㄴㄷㅏ",5,2020-12-19,나이아신아마이드,[]
417,"ㅈㅗㅎㅇㅡㄴ ㅈㅔㅍㅜㅁ, ㅈㅓㅇㅁㅏㄹ ㅈㅓㄹㅕㅁㅎㅏㄴ ㄱㅏㄱㅕㄱ. ㅁㅐㅇㅜ ㅃㅏㄹㅡㄴ ㅂㅐㅅㅗㅇ. ㄴㅏㄴㅡㄴ ㄱㅡㄱㅓㅅㅇㅡㄹ ㅁㅐㅇㅜ ㅈㅗㅎㅇㅏㅎㅏㄴㄷㅏ",5,2020-12-19,나이아신아마이드,[]
418,"ㅈㅗㅎㅇㅡㄴ ㅈㅔㅍㅜㅁ, ㅈㅓㅇㅁㅏㄹ ㅈㅓㄹㅕㅁㅎㅏㄴ ㄱㅏㄱㅕㄱ. ㅁㅐㅇㅜ ㅃㅏㄹㅡㄴ ㅂㅐㅅㅗㅇ. ㄴㅏㄴㅡㄴ ㄱㅡㄱㅓㅅㅇㅡㄹ ㅁㅐㅇㅜ ㅈㅗㅎㅇㅏㅎㅏㄴㄷㅏ",5,2020-12-19,나이아신아마이드,[]
419,"ㅈㅗㅎㅇㅡㄴ ㅈㅔㅍㅜㅁ, ㅈㅓㅇㅁㅏㄹ ㅈㅓㄹㅕㅁㅎㅏㄴ ㄱㅏㄱㅕㄱ. ㅁㅐㅇㅜ ㅃㅏㄹㅡㄴ ㅂㅐㅅㅗㅇ. ㄴㅏㄴㅡㄴ ㄱㅡㄱㅓㅅㅇㅡㄹ ㅁㅐㅇㅜ ㅈㅗㅎㅇㅏㅎㅏㄴㄷㅏ",5,2020-12-19,나이아신아마이드,[]
420,"ㅈㅗㅎㅇㅡㄴ ㅈㅔㅍㅜㅁ, ㅈㅓㅇㅁㅏㄹ ㅈㅓㄹㅕㅁㅎㅏㄴ ㄱㅏㄱㅕㄱ. ㅁㅐㅇㅜ ㅃㅏㄹㅡㄴ ㅂㅐㅅㅗㅇ. ㄴㅏㄴㅡㄴ ㄱㅡㄱㅓㅅㅇㅡㄹ ㅁㅐㅇㅜ ㅈㅗㅎㅇㅏㅎㅏㄴㄷㅏ",5,2020-12-19,나이아신아마이드,[]
421,"ㅈㅗㅎㅇㅡㄴ ㅈㅔㅍㅜㅁ, ㅈㅓㅇㅁㅏㄹ ㅈㅓㄹㅕㅁㅎㅏㄴ ㄱㅏㄱㅕㄱ. ㅁㅐㅇㅜ ㅃㅏㄹㅡㄴ ㅂㅐㅅㅗㅇ. ㄴㅏㄴㅡㄴ ㄱㅡㄱㅓㅅㅇㅡㄹ ㅁㅐㅇㅜ ㅈㅗㅎㅇㅏㅎㅏㄴㄷㅏ",5,2020-12-19,나이아신아마이드,[]
422,"ㅈㅗㅎㅇㅡㄴ ㅈㅔㅍㅜㅁ, ㅈㅓㅇㅁㅏㄹ ㅈㅓㄹㅕㅁㅎㅏㄴ ㄱㅏㄱㅕㄱ. ㅁㅐㅇㅜ ㅃㅏㄹㅡㄴ ㅂㅐㅅㅗㅇ. ㄴㅏㄴㅡㄴ ㄱㅡㄱㅓㅅㅇㅡㄹ ㅁㅐㅇㅜ ㅈㅗㅎㅇㅏㅎㅏㄴㄷㅏ",5,2020-12-19,나이아신아마이드,[]
423,"ㅈㅗㅎㅇㅡㄴ ㅈㅔㅍㅜㅁ, ㅈㅓㅇㅁㅏㄹ ㅈㅓㄹㅕㅁㅎㅏㄴ ㄱㅏㄱㅕㄱ. ㅁㅐㅇㅜ ㅃㅏㄹㅡㄴ ㅂㅐㅅㅗㅇ. ㄴㅏㄴㅡㄴ ㄱㅡㄱㅓㅅㅇㅡㄹ ㅁㅐㅇㅜ ㅈㅗㅎㅇㅏㅎㅏㄴㄷㅏ",5,2020-12-19,나이아신아마이드,[]
424,"ㅈㅗㅎㅇㅡㄴ ㅈㅔㅍㅜㅁ, ㅈㅓㅇㅁㅏㄹ ㅈㅓㄹㅕㅁㅎㅏㄴ ㄱㅏㄱㅕㄱ. ㅁㅐㅇㅜ ㅃㅏㄹㅡㄴ ㅂㅐㅅㅗㅇ. ㄴㅏㄴㅡㄴ ㄱㅡㄱㅓㅅㅇㅡㄹ ㅁㅐㅇㅜ ㅈㅗㅎㅇㅏㅎㅏㄴㄷㅏ",5,2020-12-19,나이아신아마이드,[]
425,"ㅈㅗㅎㅇㅡㄴ ㅈㅔㅍㅜㅁ, ㅈㅓㅇㅁㅏㄹ ㅈㅓㄹㅕㅁㅎㅏㄴ ㄱㅏㄱㅕㄱ. ㅁㅐㅇㅜ ㅃㅏㄹㅡㄴ ㅂㅐㅅㅗㅇ. ㄴㅏㄴㅡㄴ ㄱㅡㄱㅓㅅㅇㅡㄹ ㅁㅐㅇㅜ ㅈㅗㅎㅇㅏㅎㅏㄴㄷㅏ",5,2020-12-19,나이아신아마이드,[]
426,"ㅈㅗㅎㅇㅡㄴ ㅈㅔㅍㅜㅁ, ㅈㅓㅇㅁㅏㄹ ㅈㅓㄹㅕㅁㅎㅏㄴ ㄱㅏㄱㅕㄱ. ㅁㅐㅇㅜ ㅃㅏㄹㅡㄴ ㅂㅐㅅㅗㅇ. ㄴㅏㄴㅡㄴ ㄱㅡㄱㅓㅅㅇㅡㄹ ㅁㅐㅇㅜ ㅈㅗㅎㅇㅏㅎㅏㄴㄷㅏ",5,2020-12-19,나이아신아마이드,[]
427,"ㅈㅗㅎㅇㅡㄴ ㅈㅔㅍㅜㅁ, ㅈㅓㅇㅁㅏㄹ ㅈㅓㄹㅕㅁㅎㅏㄴ ㄱㅏㄱㅕㄱ. ㅁㅐㅇㅜ ㅃㅏㄹㅡㄴ ㅂㅐㅅㅗㅇ. ㄴㅏㄴㅡㄴ ㄱㅡㄱㅓㅅㅇㅡㄹ ㅁㅐㅇㅜ ㅈㅗㅎㅇㅏㅎㅏㄴㄷㅏ",5,2020-12-19,나이아신아마이드,[]
428,"ㅈㅗㅎㅇㅡㄴ ㅈㅔㅍㅜㅁ, ㅈㅓㅇㅁㅏㄹ ㅈㅓㄹㅕㅁㅎㅏㄴ ㄱㅏㄱㅕㄱ. ㅁㅐㅇㅜ ㅃㅏㄹㅡㄴ ㅂㅐㅅㅗㅇ. ㄴㅏㄴㅡㄴ ㄱㅡㄱㅓㅅㅇㅡㄹ ㅁㅐㅇㅜ ㅈㅗㅎㅇㅏㅎㅏㄴㄷㅏ",5,2020-12-19,나이아신아마이드,[]
429,"ㅈㅗㅎㅇㅡㄴ ㅈㅔㅍㅜㅁ, ㅈㅓㅇㅁㅏㄹ ㅈㅓㄹㅕㅁㅎㅏㄴ ㄱㅏㄱㅕㄱ. ㅁㅐㅇㅜ ㅃㅏㄹㅡㄴ ㅂㅐㅅㅗㅇ. ㄴㅏㄴㅡㄴ ㄱㅡㄱㅓㅅㅇㅡㄹ ㅁㅐㅇㅜ ㅈㅗㅎㅇㅏㅎㅏㄴㄷㅏ",5,2020-12-19,나이아신아마이드,[]
430,"ㅈㅗㅎㅇㅡㄴ ㅈㅔㅍㅜㅁ, ㅈㅓㅇㅁㅏㄹ ㅈㅓㄹㅕㅁㅎㅏㄴ ㄱㅏㄱㅕㄱ. ㅁㅐㅇㅜ ㅃㅏㄹㅡㄴ ㅂㅐㅅㅗㅇ. ㄴㅏㄴㅡㄴ ㄱㅡㄱㅓㅅㅇㅡㄹ ㅁㅐㅇㅜ ㅈㅗㅎㅇㅏㅎㅏㄴㄷㅏ",5,2020-12-19,나이아신아마이드,[]
431,"ㅈㅗㅎㅇㅡㄴ ㅈㅔㅍㅜㅁ, ㅈㅓㅇㅁㅏㄹ ㅈㅓㄹㅕㅁㅎㅏㄴ ㄱㅏㄱㅕㄱ. ㅁㅐㅇㅜ ㅃㅏㄹㅡㄴ ㅂㅐㅅㅗㅇ. ㄴㅏㄴㅡㄴ ㄱㅡㄱㅓㅅㅇㅡㄹ ㅁㅐㅇㅜ ㅈㅗㅎㅇㅏㅎㅏㄴㄷㅏ",5,2020-12-19,나이아신아마이드,[]
432,"ㅈㅗㅎㅇㅡㄴ ㅈㅔㅍㅜㅁ, ㅈㅓㅇㅁㅏㄹ ㅈㅓㄹㅕㅁㅎㅏㄴ ㄱㅏㄱㅕㄱ. ㅁㅐㅇㅜ ㅃㅏㄹㅡㄴ ㅂㅐㅅㅗㅇ. ㄴㅏㄴㅡㄴ ㄱㅡㄱㅓㅅㅇㅡㄹ ㅁㅐㅇㅜ ㅈㅗㅎㅇㅏㅎㅏㄴㄷㅏ",5,2020-12-19,나이아신아마이드,[]
433,"ㅈㅗㅎㅇㅡㄴ ㅈㅔㅍㅜㅁ, ㅈㅓㅇㅁㅏㄹ ㅈㅓㄹㅕㅁㅎㅏㄴ ㄱㅏㄱㅕㄱ. ㅁㅐㅇㅜ ㅃㅏㄹㅡㄴ ㅂㅐㅅㅗㅇ. ㄴㅏㄴㅡㄴ ㄱㅡㄱㅓㅅㅇㅡㄹ ㅁㅐㅇㅜ ㅈㅗㅎㅇㅏㅎㅏㄴㄷㅏ",5,2020-12-19,나이아신아마이드,[]
434,"ㅈㅗㅎㅇㅡㄴ ㅈㅔㅍㅜㅁ, ㅈㅓㄹㅕㅁㅎㅏㄴ ㄱㅏㄱㅕㄱ. ㅁㅐㅇㅜ ㅃㅏㄹㅡㄴ ㅂㅐㅅㅗㅇ. ㄴㅏㄴㅡㄴ ㄱㅡㄱㅓㅅㅇㅡㄹ ㅁㅐㅇㅜ ㅈㅗㅎㅇㅏㅎㅏㄴㄷㅏ",5,2021-01-01,나이아신아마이드,[]
435,"ㅈㅗㅎㅇㅡㄴ ㅈㅔㅍㅜㅁ, ㅈㅓㄹㅕㅁㅎㅏㄴ ㄱㅏㄱㅕㄱ. ㅁㅐㅇㅜ ㅃㅏㄹㅡㄴ ㅂㅐㅅㅗㅇ. ㄴㅏㄴㅡㄴ ㄱㅡㄱㅓㅅㅇㅡㄹ ㅁㅐㅇㅜ ㅈㅗㅎㅇㅏㅎㅏㄴㄷㅏ",5,2021-01-01,나이아신아마이드,[]
436,"ㅈㅗㅎㅇㅡㄴ ㅈㅔㅍㅜㅁ, ㅈㅓㄹㅕㅁㅎㅏㄴ ㄱㅏㄱㅕㄱ. ㅁㅐㅇㅜ ㅃㅏㄹㅡㄴ ㅂㅐㅅㅗㅇ. ㄴㅏㄴㅡㄴ ㄱㅡㄱㅓㅅㅇㅡㄹ ㅁㅐㅇㅜ ㅈㅗㅎㅇㅏㅎㅏㄴㄷㅏ",5,2021-01-01,나이아신아마이드,[]
437,"ㅈㅗㅎㅇㅡㄴ ㅈㅔㅍㅜㅁ, ㅈㅓㄹㅕㅁㅎㅏㄴ ㄱㅏㄱㅕㄱ. ㅁㅐㅇㅜ ㅃㅏㄹㅡㄴ ㅂㅐㅅㅗㅇ. ㄴㅏㄴㅡㄴ ㄱㅡㄱㅓㅅㅇㅡㄹ ㅁㅐㅇㅜ ㅈㅗㅎㅇㅏㅎㅏㄴㄷㅏ",5,2021-01-01,나이아신아마이드,[]
438,"ㅈㅗㅎㅇㅡㄴ ㅈㅔㅍㅜㅁ, ㅈㅓㄹㅕㅁㅎㅏㄴ ㄱㅏㄱㅕㄱ. ㅁㅐㅇㅜ ㅃㅏㄹㅡㄴ ㅂㅐㅅㅗㅇ. ㄴㅏㄴㅡㄴ ㄱㅡㄱㅓㅅㅇㅡㄹ ㅁㅐㅇㅜ ㅈㅗㅎㅇㅏㅎㅏㄴㄷㅏ",5,2021-01-01,나이아신아마이드,[]
439,"ㅈㅗㅎㅇㅡㄴ ㅈㅔㅍㅜㅁ, ㅈㅓㄹㅕㅁㅎㅏㄴ ㄱㅏㄱㅕㄱ. ㅁㅐㅇㅜ ㅃㅏㄹㅡㄴ ㅂㅐㅅㅗㅇ. ㄴㅏㄴㅡㄴ ㄱㅡㄱㅓㅅㅇㅡㄹ ㅁㅐㅇㅜ ㅈㅗㅎㅇㅏㅎㅏㄴㄷㅏ",5,2021-01-01,나이아신아마이드,[]
440,"ㅈㅗㅎㅇㅡㄴ ㅈㅔㅍㅜㅁ, ㅈㅓㄹㅕㅁㅎㅏㄴ ㄱㅏㄱㅕㄱ. ㅁㅐㅇㅜ ㅃㅏㄹㅡㄴ ㅂㅐㅅㅗㅇ. ㄴㅏㄴㅡㄴ ㄱㅡㄱㅓㅅㅇㅡㄹ ㅁㅐㅇㅜ ㅈㅗㅎㅇㅏㅎㅏㄴㄷㅏ",5,2021-01-01,나이아신아마이드,[]
441,"ㅈㅗㅎㅇㅡㄴ ㅈㅔㅍㅜㅁ, ㅈㅓㄹㅕㅁㅎㅏㄴ ㄱㅏㄱㅕㄱ. ㅁㅐㅇㅜ ㅃㅏㄹㅡㄴ ㅂㅐㅅㅗㅇ. ㄴㅏㄴㅡㄴ ㄱㅡㄱㅓㅅㅇㅡㄹ ㅁㅐㅇㅜ ㅈㅗㅎㅇㅏㅎㅏㄴㄷㅏ",5,2021-01-01,나이아신아마이드,[]
442,"ㅈㅗㅎㅇㅡㄴ ㅈㅔㅍㅜㅁ, ㅈㅓㄹㅕㅁㅎㅏㄴ ㄱㅏㄱㅕㄱ. ㅁㅐㅇㅜ ㅃㅏㄹㅡㄴ ㅂㅐㅅㅗㅇ. ㄴㅏㄴㅡㄴ ㄱㅡㄱㅓㅅㅇㅡㄹ ㅁㅐㅇㅜ ㅈㅗㅎㅇㅏㅎㅏㄴㄷㅏ",5,2021-01-01,나이아신아마이드,[]
443,"ㅈㅗㅎㅇㅡㄴ ㅈㅔㅍㅜㅁ, ㅈㅓㄹㅕㅁㅎㅏㄴ ㄱㅏㄱㅕㄱ. ㅁㅐㅇㅜ ㅃㅏㄹㅡㄴ ㅂㅐㅅㅗㅇ. ㄴㅏㄴㅡㄴ ㄱㅡㄱㅓㅅㅇㅡㄹ ㅁㅐㅇㅜ ㅈㅗㅎㅇㅏㅎㅏㄴㄷㅏ",5,2021-01-03,나이아신아마이드,[]
444,얼굴당김,1,2021-01-03,나이아신아마이드,"['얼굴', '당김']"
445,"ㅈㅗㅎㅇㅡㄴ ㅈㅔㅍㅜㅁ, ㅈㅓㄹㅕㅁㅎㅏㄴ ㄱㅏㄱㅕㄱ. ㅁㅐㅇㅜ ㅃㅏㄹㅡㄴ ㅂㅐㅅㅗㅇ. ㄴㅏㄴㅡㄴ ㄱㅡㄱㅓㅅㅇㅡㄹ ㅁㅐㅇㅜ ㅈㅗㅎㅇㅏㅎㅏㄴㄷㅏ",5,2021-01-03,나이아신아마이드,[]
446,매일 사용하는데 좋습니다 ^^,5,2021-01-06,나이아신아마이드,"['매', '일사', '용하는데', '좋습니다']"
447,제품은 좋아요. 비닐과 플라스틱 낭비가 많아요,4,2021-01-07,나이아신아마이드,"['제품', '은', '좋아요', '비닐', '과', '플라스틱', '낭비', '가', '많아요']"
448,제품은 좋아요. 비닐과 플라스틱 낭비가 많아요,4,2021-01-07,나이아신아마이드,"['제품', '은', '좋아요', '비닐', '과', '플라스틱', '낭비', '가', '많아요']"
449,제품은 좋아요. 비닐과 플라스틱 낭비가 많아요,5,2021-01-07,나이아신아마이드,"['제품', '은', '좋아요', '비닐', '과', '플라스틱', '낭비', '가', '많아요']"
450,제품은 좋아요. 비닐과 플라스틱 낭비가 많아요,4,2021-01-07,나이아신아마이드,"['제품', '은', '좋아요', '비닐', '과', '플라스틱', '낭비', '가', '많아요']"
451,제품은 좋아요. 비닐과 플라스틱 낭비가 많아요,4,2021-01-07,나이아신아마이드,"['제품', '은', '좋아요', '비닐', '과', '플라스틱', '낭비', '가', '많아요']"
452,제품은 좋아요. 비닐과 플라스틱 낭비가 많아요,5,2021-01-07,나이아신아마이드,"['제품', '은', '좋아요', '비닐', '과', '플라스틱', '낭비', '가', '많아요']"
453,제품은 좋아요. 비닐과 플라스틱 낭비가 많아요,4,2021-01-07,나이아신아마이드,"['제품', '은', '좋아요', '비닐', '과', '플라스틱', '낭비', '가', '많아요']"
454,제품은 좋아요. 비닐과 플라스틱 낭비가 많아요,5,2021-01-07,나이아신아마이드,"['제품', '은', '좋아요', '비닐', '과', '플라스틱', '낭비', '가', '많아요']"
455,제품은 좋아요.비닐과 플라스틱 낭비가 많아요,5,2021-01-07,나이아신아마이드,"['제품', '은', '좋아요', '비닐', '과', '플라스틱', '낭비', '가', '많아요']"
456,짱,5,2021-01-09,나이아신아마이드,['짱']
457,짱,5,2021-01-09,나이아신아마이드,['짱']
458,짱,5,2021-01-09,나이아신아마이드,['짱']
459,짱,5,2021-01-09,나이아신아마이드,['짱']
460,짱,5,2021-01-09,나이아신아마이드,['짱']
461,"얼굴당기고, 얼굴따겁네용 이거 쓰고 피부 다 뒤집어짐",1,2021-01-09,나이아신아마이드,"['얼굴', '당기고', '얼굴', '따', '겁', '네', '용이', '거', '쓰고', '피부', '다', '뒤집어짐']"
462,짱,5,2021-01-09,나이아신아마이드,['짱']
463,많이 발라도 별 이상은 없어요,4,2021-01-11,나이아신아마이드,"['많이', '발라', '도', '별', '이상은', '없어요']"
464,꾸준히 바르고 있어요 맑아지는 느낌 있어요,4,2021-01-11,나이아신아마이드,"['꾸준히', '바르고있어요', '맑아지는', '느낌있어요']"
465,맑아 지는 느낌이 있어요,4,2021-01-11,나이아신아마이드,"['맑아지는', '느낌이있어요']"
466,가성비 좋아요 맑아지고 있어요,4,2021-01-11,나이아신아마이드,"['가성', '비', '좋아요', '맑아지고', '있어요']"
467,착한 가격에 맘에 들어요,4,2021-01-11,나이아신아마이드,"['착한', '가격', '에', '맘', '에', '들어요']"
468,(디오디너리) (신세계시코르강남역점)디오디,5,2021-01-12,나이아신아마이드,"['디', '오디너리', '신세계', '시', '코르', '강남', '역점', '디', '오디']"
469,(디오디너리) (신세계시코르강남역점)디오디,5,2021-01-12,나이아신아마이드,"['디', '오디너리', '신세계', '시', '코르', '강남', '역점', '디', '오디']"
470,(디오디너리) (신세계시코르강남역점)디오디,5,2021-01-12,나이아신아마이드,"['디', '오디너리', '신세계', '시', '코르', '강남', '역점', '디', '오디']"
471,(디오디너리) (신세계시코르강남역점)디오디,5,2021-01-12,나이아신아마이드,"['디', '오디너리', '신세계', '시', '코르', '강남', '역점', '디', '오디']"
472,(디오디너리) (신세계시코르강남역점)디오디,5,2021-01-12,나이아신아마이드,"['디', '오디너리', '신세계', '시', '코르', '강남', '역점', '디', '오디']"
473,(디오디너리) (신세계시코르강남역점)디오디,5,2021-01-12,나이아신아마이드,"['디', '오디너리', '신세계', '시', '코르', '강남', '역점', '디', '오디']"
474,"ㅈㅗㅎㅇㅡㄴ ㅈㅔㅍㅜㅁ, ㅈㅓㄹㅕㅁㅎㅏㄴ ㄱㅏㄱㅕㄱ. ㅁㅐㅇㅜ ㅃㅏㄹㅡㄴ ㅂㅐㅅㅗㅇ. ㄴㅏㄴㅡㄴ ㄱㅡㄱㅓㅅㅇㅡㄹ ㅁㅐㅇㅜ ㅈㅗㅎㅇㅏㅎㅏㄴㄷㅏ",5,2021-01-12,나이아신아마이드,[]
475,디오디너리 상품 가성비 최고입니다. 기능별 제품군 다양해서 종류별로 사용하면 좋습니다.,5,2021-01-14,나이아신아마이드,"['디', '오디너리', '상품', '가', '성비', '최고', '입니다', '기능', '별', '제품군', '다양해서', '종류', '별', '로사', '용하면', '좋습니다']"
476,디오디너리 상품 가성비 최고입니다. 기능별 제품군 다양해서 종류별로 사용하면 좋습니다.,5,2021-01-14,나이아신아마이드,"['디', '오디너리', '상품', '가', '성비', '최고', '입니다', '기능', '별', '제품군', '다양해서', '종류', '별', '로사', '용하면', '좋습니다']"
477,디오디너리 상품 가성비 최고입니다. 기능별 제품군 다양해서 종류별로 사용하면 좋습니다.,5,2021-01-14,나이아신아마이드,"['디', '오디너리', '상품', '가', '성비', '최고', '입니다', '기능', '별', '제품군', '다양해서', '종류', '별', '로사', '용하면', '좋습니다']"
478,디오디너리 상품 가성비 최고입니다. 기능별 제품군 다양해서 종류별로 사용하면 좋습니다.,5,2021-01-14,나이아신아마이드,"['디', '오디너리', '상품', '가', '성비', '최고', '입니다', '기능', '별', '제품군', '다양해서', '종류', '별', '로사', '용하면', '좋습니다']"
479,디오디너리 상품 가성비 최고입니다. 기능별 제품군 다양해서 종류별로 사용하면 좋습니다.,5,2021-01-14,나이아신아마이드,"['디', '오디너리', '상품', '가', '성비', '최고', '입니다', '기능', '별', '제품군', '다양해서', '종류', '별', '로사', '용하면', '좋습니다']"
480,"ㅈㅗㅎㅇㅡㄴ ㅈㅔㅍㅜㅁ, ㅈㅓㄹㅕㅁㅎㅏㄴ ㄱㅏㄱㅕㄱ. ㅁㅐㅇㅜ ㅃㅏㄹㅡㄴ ㅂㅐㅅㅗㅇ. ㄴㅏㄴㅡㄴ ㄱㅡㄱㅓㅅㅇㅡㄹ ㅁㅐㅇㅜ ㅈㅗㅎㅇㅏㅎㅏㄴㄷㅏ",5,2021-01-15,나이아신아마이드,[]
481,"ㅈㅗㅎㅇㅡㄴ ㅈㅔㅍㅜㅁ, ㅈㅓㄹㅕㅁㅎㅏㄴ ㄱㅏㄱㅕㄱ. ㅁㅐㅇㅜ ㅃㅏㄹㅡㄴ ㅂㅐㅅㅗㅇ. ㄴㅏㄴㅡㄴ ㄱㅡㄱㅓㅅㅇㅡㄹ ㅁㅐㅇㅜ ㅈㅗㅎㅇㅏㅎㅏㄴㄷㅏ",5,2021-01-15,나이아신아마이드,[]
482,"ㅈㅗㅎㅇㅡㄴ ㅈㅔㅍㅜㅁ, ㅈㅓㄹㅕㅁㅎㅏㄴ ㄱㅏㄱㅕㄱ. ㅁㅐㅇㅜ ㅃㅏㄹㅡㄴ ㅂㅐㅅㅗㅇ. ㄴㅏㄴㅡㄴ ㄱㅡㄱㅓㅅㅇㅡㄹ ㅁㅐㅇㅜ ㅈㅗㅎㅇㅏㅎㅏㄴㄷㅏ",5,2021-01-16,나이아신아마이드,[]
483,쇼핑하다가 우연히 보고 주문해봤어요,4,2021-01-19,나이아신아마이드,"['쇼핑', '하다가', '우연히', '보고', '주문', '해봤어요']"
484,디오디너리 제품중 가성비 최고입니다. 늘 쟁여두고 잘 쓰고 있습니다.,5,2021-01-19,나이아신아마이드,"['디', '오디너리', '제품', '중', '가', '성비', '최고', '입니다', '늘쟁', '여', '두고', '잘쓰고있습니다']"
485,디오디너리 제품중 가성비 최고입니다. 늘 쟁여두고 잘 쓰고 있습니다.,5,2021-01-19,나이아신아마이드,"['디', '오디너리', '제품', '중', '가', '성비', '최고', '입니다', '늘쟁', '여', '두고', '잘쓰고있습니다']"
486,디오디너리 제품중 가성비 최고입니다. 늘 쟁여두고 잘 쓰고 있습니다.,5,2021-01-19,나이아신아마이드,"['디', '오디너리', '제품', '중', '가', '성비', '최고', '입니다', '늘쟁', '여', '두고', '잘쓰고있습니다']"
487,디오디너리 제품중 가성비 최고입니다. 늘 쟁여두고 잘 쓰고 있습니다.,5,2021-01-19,나이아신아마이드,"['디', '오디너리', '제품', '중', '가', '성비', '최고', '입니다', '늘쟁', '여', '두고', '잘쓰고있습니다']"
488,디오디너리 제품중 가성비 최고입니다. 늘 쟁여두고 잘 쓰고 있습니다.,5,2021-01-19,나이아신아마이드,"['디', '오디너리', '제품', '중', '가', '성비', '최고', '입니다', '늘쟁', '여', '두고', '잘쓰고있습니다']"
489,빨리 와서 제 피부를 건강하게 만들어주고 있어요. 나는 매우 기뻐요.,5,2021-01-23,나이아신아마이드,"['빨리', '와서', '제', '피부', '를', '건강하게만', '들어주고있어요', '나', '는', '매우', '기뻐요']"
490,배송이 빠릅니다~~~,4,2021-01-23,나이아신아마이드,"['배송', '이', '빠릅니다']"
491,"ㅈㅗㅎㅇㅡㄴ ㅈㅔㅍㅜㅁ, ㅈㅓㄹㅕㅁㅎㅏㄴ ㄱㅏㄱㅕㄱ. ㅁㅐㅇㅜ ㅃㅏㄹㅡㄴ ㅂㅐㅅㅗㅇ. ㄴㅏㄴㅡㄴ ㄱㅡㄱㅓㅅㅇㅡㄹ ㅁㅐㅇㅜ ㅈㅗㅎㅇㅏㅎㅏㄴㄷㅏ",5,2021-01-24,나이아신아마이드,[]
492,"ㅈㅗㅎㅇㅡㄴ ㅈㅔㅍㅜㅁ, ㅈㅓㄹㅕㅁㅎㅏㄴ ㄱㅏㄱㅕㄱ. ㅁㅐㅇㅜ ㅃㅏㄹㅡㄴ ㅂㅐㅅㅗㅇ. ㄴㅏㄴㅡㄴ ㄱㅡㄱㅓㅅㅇㅡㄹ ㅁㅐㅇㅜ ㅈㅗㅎㅇㅏㅎㅏㄴㄷㅏ",5,2021-01-24,나이아신아마이드,[]
493,"ㅈㅗㅎㅇㅡㄴ ㅈㅔㅍㅜㅁ, ㅈㅓㄹㅕㅁㅎㅏㄴ ㄱㅏㄱㅕㄱ. ㅁㅐㅇㅜ ㅃㅏㄹㅡㄴ ㅂㅐㅅㅗㅇ. ㄴㅏㄴㅡㄴ ㄱㅡㄱㅓㅅㅇㅡㄹ ㅁㅐㅇㅜ ㅈㅗㅎㅇㅏㅎㅏㄴㄷㅏ",5,2021-01-24,나이아신아마이드,[]
494,"ㅈㅗㅎㅇㅡㄴ ㅈㅔㅍㅜㅁ, ㅈㅓㄹㅕㅁㅎㅏㄴ ㄱㅏㄱㅕㄱ. ㅁㅐㅇㅜ ㅃㅏㄹㅡㄴ ㅂㅐㅅㅗㅇ. ㄴㅏㄴㅡㄴ ㄱㅡㄱㅓㅅㅇㅡㄹ ㅁㅐㅇㅜ ㅈㅗㅎㅇㅏㅎㅏㄴㄷㅏ",5,2021-01-24,나이아신아마이드,[]
495,"ㅈㅗㅎㅇㅡㄴ ㅈㅔㅍㅜㅁ, ㅈㅓㄹㅕㅁㅎㅏㄴ ㄱㅏㄱㅕㄱ. ㅁㅐㅇㅜ ㅃㅏㄹㅡㄴ ㅂㅐㅅㅗㅇ. ㄴㅏㄴㅡㄴ ㄱㅡㄱㅓㅅㅇㅡㄹ ㅁㅐㅇㅜ ㅈㅗㅎㅇㅏㅎㅏㄴㄷㅏ",5,2021-01-24,나이아신아마이드,[]
496,"ㅈㅗㅎㅇㅡㄴ ㅈㅔㅍㅜㅁ, ㅈㅓㄹㅕㅁㅎㅏㄴ ㄱㅏㄱㅕㄱ. ㅁㅐㅇㅜ ㅃㅏㄹㅡㄴ ㅂㅐㅅㅗㅇ. ㄴㅏㄴㅡㄴ ㄱㅡㄱㅓㅅㅇㅡㄹ ㅁㅐㅇㅜ ㅈㅗㅎㅇㅏㅎㅏㄴㄷㅏ",5,2021-01-24,나이아신아마이드,[]
497,"ㅈㅗㅎㅇㅡㄴ ㅈㅔㅍㅜㅁ, ㅈㅓㄹㅕㅁㅎㅏㄴ ㄱㅏㄱㅕㄱ. ㅁㅐㅇㅜ ㅃㅏㄹㅡㄴ ㅂㅐㅅㅗㅇ. ㄴㅏㄴㅡㄴ ㄱㅡㄱㅓㅅㅇㅡㄹ ㅁㅐㅇㅜ ㅈㅗㅎㅇㅏㅎㅏㄴㄷㅏ",5,2021-01-24,나이아신아마이드,[]
498,배송도 빠르고 제품도 많이 좋아 요 며칠,5,2021-01-29,나이아신아마이드,"['배송', '도', '빠르고', '제품', '도', '많이', '좋아요', '며칠']"
499,피부환해진대서 쓰고있는데 전날에 바르고자면 다음날은 피부가 좀 환해진느낌이 들긴해요오래가진않지만..계속쓰다보면 환해지겠져?,5,2021-01-31,나이아신아마이드,"['피부', '환해', '진대', '서', '쓰고있는데', '전날', '에', '바르고자면', '다음', '날', '은', '피부', '가', '좀', '환해진', '느낌', '이', '들긴', '해', '요', '오래', '가진', '않지만', '계속', '쓰다', '보면', '환해지겠져']"
500,좋와여,5,2021-02-01,나이아신아마이드,"['좋와', '여']"
501,신세계 상품 구입하면서 배송비 아까워 금액 마추려고 그냥 산거에요묶음배송으로 합포장으로 올줄알았더니 따로따로 와서 좀 미안해 지더라구요이게 얼굴을 얇게 코팅을 한다고 해야하나...그래서 자고 일어나서 보면 가끔씩 침자국처럼 하얗게 떠있는 부분이 있네요 띠리리리리리,5,2021-02-01,나이아신아마이드,"['신세계', '상품', '구입', '하면서', '배송비', '아까워', '금액', '마', '추려고', '그냥', '산거에요', '묶음', '배송', '으로', '합포', '장', '으로', '올줄', '알았더니', '따로따로', '와', '서', '좀', '미안해지더라구요', '이', '게', '얼굴', '을', '얇게', '코팅', '을', '한다고', '해야하나', '그래서', '자고', '일어나서', '보면', '가끔', '씩', '침', '자국', '처럼', '하얗게', '떠있는', '부분', '이', '있네요', '띠리리', '리리', '리']"
502,피부가환해지고여드름도많이가라앉았어요,5,2021-02-06,나이아신아마이드,"['피부', '가', '환해지고', '여드름', '도', '많이', '가라', '앉았어요']"
503,"ㅈㅗㅎㅇㅡㄴ ㅈㅔㅍㅜㅁ, ㅈㅓㄹㅕㅁㅎㅏㄴ ㄱㅏㄱㅕㄱ. ㅁㅐㅇㅜ ㅃㅏㄹㅡㄴ ㅂㅐㅅㅗㅇ. ㄴㅏㄴㅡㄴ ㄱㅡㄱㅓㅅㅇㅡㄹ ㅁㅐㅇㅜ ㅈㅗㅎㅇㅏㅎㅏㄴㄷㅏ",5,2021-02-15,나이아신아마이드,[]
504,"ㅈㅗㅎㅇㅡㄴ ㅈㅔㅍㅜㅁ, ㅈㅓㄹㅕㅁㅎㅏㄴ ㄱㅏㄱㅕㄱ. ㅁㅐㅇㅜ ㅃㅏㄹㅡㄴ ㅂㅐㅅㅗㅇ. ㄴㅏㄴㅡㄴ ㄱㅡㄱㅓㅅㅇㅡㄹ ㅁㅐㅇㅜ ㅈㅗㅎㅇㅏㅎㅏㄴㄷㅏ",5,2021-02-15,나이아신아마이드,[]
505,"ㅈㅗㅎㅇㅡㄴ ㅈㅔㅍㅜㅁ, ㅈㅓㄹㅕㅁㅎㅏㄴ ㄱㅏㄱㅕㄱ. ㅁㅐㅇㅜ ㅃㅏㄹㅡㄴ ㅂㅐㅅㅗㅇ. ㄴㅏㄴㅡㄴ ㄱㅡㄱㅓㅅㅇㅡㄹ ㅁㅐㅇㅜ ㅈㅗㅎㅇㅏㅎㅏㄴㄷㅏ",5,2021-02-15,나이아신아마이드,[]
506,"ㅈㅗㅎㅇㅡㄴ ㅈㅔㅍㅜㅁ, ㅈㅓㄹㅕㅁㅎㅏㄴ ㄱㅏㄱㅕㄱ. ㅁㅐㅇㅜ ㅃㅏㄹㅡㄴ ㅂㅐㅅㅗㅇ. ㄴㅏㄴㅡㄴ ㄱㅡㄱㅓㅅㅇㅡㄹ ㅁㅐㅇㅜ ㅈㅗㅎㅇㅏㅎㅏㄴㄷㅏ",5,2021-02-15,나이아신아마이드,[]
507,"ㅈㅗㅎㅇㅡㄴ ㅈㅔㅍㅜㅁ, ㅈㅓㄹㅕㅁㅎㅏㄴ ㄱㅏㄱㅕㄱ. ㅁㅐㅇㅜ ㅃㅏㄹㅡㄴ ㅂㅐㅅㅗㅇ. ㄴㅏㄴㅡㄴ ㄱㅡㄱㅓㅅㅇㅡㄹ ㅁㅐㅇㅜ ㅈㅗㅎㅇㅏㅎㅏㄴㄷㅏ",5,2021-02-15,나이아신아마이드,[]
508,"ㅈㅗㅎㅇㅡㄴ ㅈㅔㅍㅜㅁ, ㅈㅓㄹㅕㅁㅎㅏㄴ ㄱㅏㄱㅕㄱ. ㅁㅐㅇㅜ ㅃㅏㄹㅡㄴ ㅂㅐㅅㅗㅇ. ㄴㅏㄴㅡㄴ ㄱㅡㄱㅓㅅㅇㅡㄹ ㅁㅐㅇㅜ ㅈㅗㅎㅇㅏㅎㅏㄴㄷㅏ",5,2021-02-15,나이아신아마이드,[]
509,"ㅈㅗㅎㅇㅡㄴ ㅈㅔㅍㅜㅁ, ㅈㅓㄹㅕㅁㅎㅏㄴ ㄱㅏㄱㅕㄱ. ㅁㅐㅇㅜ ㅃㅏㄹㅡㄴ ㅂㅐㅅㅗㅇ. ㄴㅏㄴㅡㄴ ㄱㅡㄱㅓㅅㅇㅡㄹ ㅁㅐㅇㅜ ㅈㅗㅎㅇㅏㅎㅏㄴㄷㅏ",5,2021-02-15,나이아신아마이드,[]
510,"ㅈㅗㅎㅇㅡㄴ ㅈㅔㅍㅜㅁ, ㅈㅓㄹㅕㅁㅎㅏㄴ ㄱㅏㄱㅕㄱ. ㅁㅐㅇㅜ ㅃㅏㄹㅡㄴ ㅂㅐㅅㅗㅇ. ㄴㅏㄴㅡㄴ ㄱㅡㄱㅓㅅㅇㅡㄹ ㅁㅐㅇㅜ ㅈㅗㅎㅇㅏㅎㅏㄴㄷㅏ",5,2021-02-15,나이아신아마이드,[]
511,굳,5,2021-02-16,나이아신아마이드,['굳']
512,잘 받았어요~~~~~~~~~~~~~~~,5,2021-02-17,나이아신아마이드,"['잘', '받았어요']"
513,미백에 도움을 준다길래~꾸준히 사용해볼게요가성비도 좋은 기능성 화장품이에요,5,2021-02-17,나이아신아마이드,"['미백', '에', '도움', '을', '준다길래', '꾸준히', '사용', '해볼게요', '가성', '비도', '좋은', '기능', '성', '화장품', '이에요']"
